Number Set 1,Symbol Set 1,Number Set 2,Symbol Set 2,Number Set 3,Symbol Set 3,Number Set 4,Symbol Set 4,Number Set 5,Symbol Set 5,Number Set 6,Symbol Set 6
001,[missing],109,[missing],217,[missing],325,[missing],433,[missing],541,[missing]
002,/,110,/,218,/,326,/,434,/,542,/
003,-,111,-,219,-,327,-,435,-,543,-
004,-,112,-,220,-,328,-,436,-,544,-
005,/,113,/,221,/,329,/,437,/,545,/
006,[missing],114,[missing],222,[missing],330,[missing],438,[missing],546,[missing]
007,/,115,/,223,/,331,/,439,/,547,/
008,[missing],116,[missing],224,[missing],332,[missing],440,[missing],548,[missing]
009,/,117,/,225,/,333,/,441,/,549,/
010,-,118,-,226,-,334,-,442,-,550,-
011,[missing],119,[missing],227,[missing],335,[missing],443,[missing],551,[missing]
012,-,120,-,228,-,336,-,444,-,552,-
013,/,121,/,229,/,337,/,445,/,553,/
014,-,122,-,230,-,338,-,446,-,554,-
015,/,123,/,231,/,339,/,447,/,555,/
016,[missing],124,[missing],232,[missing],340,[missing],448,[missing],556,[missing]
017,/,125,/,233,/,341,/,449,/,557,/
018,-,126,-,234,-,342,-,450,-,558,-
019,-,127,-,235,-,343,-,451,-,559,-
020,/,128,/,236,/,344,/,452,/,560,/
021,-,129,-,237,-,345,-,453,-,561,-
022,[missing],130,[missing],238,[missing],346,[missing],454,[missing],562,[missing]
023,-,131,-,239,-,347,-,455,-,563,-
024,-,132,-,240,-,348,-,456,-,564,-
025,[missing],133,[missing],241,[missing],349,[missing],457,[missing],565,[missing]
026,-,134,-,242,-,350,-,458,-,566,-
027,[missing],135,[missing],243,[missing],351,[missing],459,[missing],567,[missing]
028,[missing],136,[missing],244,[missing],352,[missing],460,[missing],568,[missing]
029,/,137,/,245,/,353,/,461,/,569,/
030,/,138,/,246,/,354,/,462,/,570,/
031,-,139,-,247,-,355,-,463,-,571,-
032,/,140,/,248,/,356,/,464,/,572,/
033,[missing],141,[missing],249,[missing],357,[missing],465,[missing],573,[missing]
034,[missing],142,[missing],250,[missing],358,[missing],466,[missing],574,[missing]
035,[missing],143,[missing],251,[missing],359,[missing],467,[missing],575,[missing]
036,/,144,/,252,/,360,/,468,/,576,/
037,-,145,-,253,-,361,-,469,-,577,-
038,/,146,/,254,/,362,/,470,/,578,/
039,/,147,/,255,/,363,/,471,/,579,/
040,/,148,/,256,/,364,/,472,/,580,/
041,[missing],149,[missing],257,[missing],365,[missing],473,[missing],581,[missing]
042,/,150,/,258,/,366,/,474,/,582,/
043,/,151,/,259,/,367,/,475,/,583,/
044,[missing],152,[missing],260,[missing],368,[missing],476,[missing],584,[missing]
045,[missing],153,[missing],261,[missing],369,[missing],477,[missing],585,[missing]
046,/,154,/,262,/,370,/,478,/,586,/
047,/,155,/,263,/,371,/,479,/,587,/
048,/,156,/,264,/,372,/,480,/,588,/
049,[missing],157,[missing],265,[missing],373,[missing],481,[missing],589,[missing]
050,[missing],158,[missing],266,[missing],374,[missing],482,[missing],590,[missing]
051,-,159,-,267,-,375,-,483,-,591,-
052,[missing],160,[missing],268,[missing],376,[missing],484,[missing],592,[missing]
053,-,161,-,269,-,377,-,485,-,593,-
054,[missing],162,[missing],270,[missing],378,[missing],486,[missing],594,[missing]
055,[missing],163,[missing],271,[missing],379,[missing],487,[missing],595,[missing]
056,/,164,/,272,/,380,/,488,/,596,/
057,-,165,-,273,-,381,-,489,-,597,-
058,[missing],166,[missing],274,[missing],382,[missing],490,[missing],598,[missing]
059,/,167,/,275,/,383,/,491,/,599,/
060,/,168,/,276,/,384,/,492,/,600,/
061,[missing],169,[missing],277,[missing],385,[missing],493,[missing],601,[missing]
062,[missing],170,[missing],278,[missing],386,[missing],494,[missing],602,[missing]
063,/,171,/,279,/,387,/,495,/,603,/
064,[missing],172,[missing],280,[missing],388,[missing],496,[missing],604,[missing]
065,/,173,/,281,/,389,/,497,/,605,/
066,/,174,/,282,/,390,/,498,/,606,/
067,[missing],175,[missing],283,[missing],391,[missing],499,[missing],607,[missing]
068,[missing],176,[missing],284,[missing],392,[missing],500,[missing],608,[missing]
069,/,177,/,285,/,393,/,501,/,609,/
070,-,178,-,286,-,394,-,502,-,610,-
071,-,179,-,287,-,395,-,503,-,611,-
072,-,180,-,288,-,396,-,504,-,612,-
073,[missing],181,[missing],289,[missing],397,[missing],505,[missing],613,[missing]
074,-,182,-,290,-,398,-,506,-,614,-
075,-,183,-,291,-,399,-,507,-,615,-
076,/,184,/,292,/,400,/,508,/,616,/
077,[missing],185,[missing],293,[missing],401,[missing],509,[missing],617,[missing]
078,/,186,/,294,/,402,/,510,/,618,/
079,/,187,/,295,/,403,/,511,/,619,/
080,/,188,/,296,/,404,/,512,/,620,/
081,/,189,/,297,/,405,/,513,/,621,/
082,[missing],190,[missing],298,[missing],406,[missing],514,[missing],622,[missing]
083,[missing],191,[missing],299,[missing],407,[missing],515,[missing],623,[missing]
084,[missing],192,[missing],300,[missing],408,[missing],516,[missing],624,[missing]
085,•,193,•,301,•,409,•,517,•,625,•
086,/,194,/,302,/,410,/,518,/,626,/
087,[missing],195,[missing],303,[missing],411,[missing],519,[missing],627,[missing]
088,[missing],196,[missing],304,[missing],412,[missing],520,[missing],628,[missing]
089,•,197,•,305,•,413,•,521,•,629,•
090,•,198,•,306,•,414,•,522,•,630,•
091,[missing],199,[missing],307,[missing],415,[missing],523,[missing],631,[missing]
092,•,200,•,308,•,416,•,524,•,632,•
093,[missing],201,[missing],309,[missing],417,[missing],525,[missing],633,[missing]
094,[missing],202,[missing],310,[missing],418,[missing],526,[missing],634,[missing]
095,•,203,•,311,•,419,•,527,•,635,•
096,/,204,/,312,/,420,/,528,/,636,/
097,•,205,•,313,•,421,•,529,•,637,•
098,•,206,•,314,•,422,•,530,•,638,•
099,[missing],207,[missing],315,[missing],423,[missing],531,[missing],639,[missing]
100,[missing],208,[missing],316,[missing],424,[missing],532,[missing],640,[missing]
101,/,209,/,317,/,425,/,533,/,641,/
102,[missing],210,[missing],318,[missing],426,[missing],534,[missing],642,[missing]
103,[missing],211,[missing],319,[missing],427,[missing],535,[missing],643,[missing]
104,[missing],212,[missing],320,[missing],428,[missing],536,[missing],644,[missing]
105,[missing],213,[missing],321,[missing],429,[missing],537,[missing],645,[missing]
106,[missing],214,[missing],322,[missing],430,[missing],538,[missing],646,[missing]
107,[missing],215,[missing],323,[missing],431,[missing],539,[missing],647,[missing]
108,/,216,/,324,/,432,/,540,/,648,/
