path	bytes	groups	sha256
assets/160px-Rorschach_blot_07-1361b5bc695a7d00.jpg	2000	historical_paths	45d8d6e8a0c5b80c0e7d19a5d8b6ae54bcfd384e00df1a7ff9bdac4a92d9073b
assets/1_with_legend_known_only_9x12_cs256-8b0139533f67b22f.png	263907	sticker_core	d780f74a6131ff77b91798eff32dc9a0f3b343decc433ba459e4060b21468004
assets/20200108_102924-4e953746c27ae47e.png	170150	sticker_core	c3bb28d1517ab3ac062ba498aab669e293d0dd8a61085fca2347d350b27747a6
assets/220px-Datamatrix-4020bf82757d76a2.png	8633	registration_geometry	12ef5cb152b19f08c0aa12e4d5c817fdde78604a0a6c54189dd6c9b7ac6fb075
assets/220px-Datamatrix-9b31fb3f162ecc8f.png	8633	registration_geometry	12ef5cb152b19f08c0aa12e4d5c817fdde78604a0a6c54189dd6c9b7ac6fb075
assets/220px-Qr-1-0d5098ba128e4151.png	5808	symbols_codes	e070166cde666e6c22896d3062cdecb49d45b3dcc8ca319914aa68429c8d44cf
assets/2_with_legend_multi_period_9x12_cs256-20d764b96a80e40d.png	280669	sticker_core,period_prediction	b8d0176fe0f0525580089db012fc76fcbe81f8ffc5310927ce56b4a34482f669
assets/300px-Inside_pc_acorn_fixed-16a8a928fb62fb3b.png	38683	registration_geometry	d2121ca1de64d3660efc6783088927912d1be18b0863f5dde20794d0f96a0b1f
assets/300px-Inside_pc_acorn_fixed-cf9eb6b29f2e0126.png	35445	registration_geometry	21fbc509450b15f7592f7c6ceee2dfedf06a5698c8b75be398fd6654fe7f5e8c
assets/3784F191-535E-4E08-A32E-13C82339FD9E-fc677cbded910815.png	552504	sticker_core	cb71c55efa5ace89d2896013603a0cd64b5782336086cb70d782e3f9450767fa
assets/3_slashes-f4131c66c0883104.txt	1416	symbols_codes	7a0af0386c7996c8940c707b6518aab4cf2067ab88230d41d4be7fdefe172b2a
assets/3_with_legend_confidence_heatmap_9x12_cs25-0a0e602dce9734e8.png	386690	sticker_core,period_prediction	5f363623e61d574c583ce7b78afed359048e77f32d5ddb48929c1be8a21c1f72
assets/3x36sticker-184db5ca132354d6.png	4216	sticker_core	8734178c039c452977849fc4ed67fea12ba2f4325df3b0e1fc6b489f64fa00a7
assets/4_with_legend_pattern_mod54_9x12_cs256-282fa277ca7f394b.png	243656	sticker_core	9493e146b08f218428a10d74abf4bea212b7cd0de7ccef82952b25236567a002
assets/53081783-cmyk-color-halftone-dots-e79ca6e4ed196a4f.jpg	324160	symbols_codes	842b07fb2477b54005b199c7aa5fc2258f672040943ce4466c8f0e6d76e06896
assets/534brn9653f9j8mmd-1d6905b88dafcb0e.bmp	3963914	historical_paths	5afde6f8355361b67b379a5a259e5a2c4b51f99c013f80958404311c2aafff9d
assets/534brn9653f9j8mmd-7c3eebcee8a70c62.html	16922	historical_paths	d663d180f340b792e1bd4dbd8e8400e3b89da1c97af251b32d49735005273fa8
assets/534brn9653f9j8mmd-985ba09db545de5d.png	767381	historical_paths	4a842b1d458f8d6e77a54d05bd7779bbf62957db79c7bf7271fe98d148cb09d5
assets/534brn9653f9j8mmd-e0ee238cabfbe164.html	12140	historical_paths	252eb4e5befe6d16728fea7867ccc6afe54d3d2e6bb9fdaae07b21c06a64e097
assets/534brn9653f9j8mmd-ec9713cd42aff3d5.jpg	3963914	historical_paths	5afde6f8355361b67b379a5a259e5a2c4b51f99c013f80958404311c2aafff9d
assets/534brn9653f9j8mmd-fbcdf27a073c9d74.html	12140	historical_paths	252eb4e5befe6d16728fea7867ccc6afe54d3d2e6bb9fdaae07b21c06a64e097
assets/534brn9653f9j8mmd_1-9014735779444bc3.html	16922	historical_paths	d663d180f340b792e1bd4dbd8e8400e3b89da1c97af251b32d49735005273fa8
assets/534brn9653f9j8mmd_1-ab20b1ccc9bf47cf.html	16922	historical_paths	d663d180f340b792e1bd4dbd8e8400e3b89da1c97af251b32d49735005273fa8
assets/534brn9653f9j8mmd_1-aca19785b4c4e832.jpg	3963914	historical_paths	5afde6f8355361b67b379a5a259e5a2c4b51f99c013f80958404311c2aafff9d
assets/534brn9653f9j8mmd_1-bac4b3079355c1bb.html	16922	historical_paths	d663d180f340b792e1bd4dbd8e8400e3b89da1c97af251b32d49735005273fa8
assets/534brn9653f9j8mmd_experiment-1a30be864899ab2f.html	17017	historical_paths	03b360ab7c8c4b2476b3e170b650d0e0b6e07f42cabc247ead86c228de243d62
assets/534brn9653f9j8mmd_hidden-401c403366cd5aed.html	16915	historical_paths	ff0ad1655c0da9c841d9825ad65dee01ec17eb8e150bba890bca6085d80bb2c6
assets/534brn9653f9j8mmd_hidden-45a0c62492c9ab34.html	16915	historical_paths	ff0ad1655c0da9c841d9825ad65dee01ec17eb8e150bba890bca6085d80bb2c6
assets/534brn9653f9j8mmd_original-4f038b969c841fd7.html	12140	historical_paths	252eb4e5befe6d16728fea7867ccc6afe54d3d2e6bb9fdaae07b21c06a64e097
assets/5_with_legend_prediction_cross_9x12_cs256-b0ba112769dd70da.png	300421	sticker_core,period_prediction	6c93b72193da99d732d06ec0fd4f798cbaa04751e79575d0a6f72df554c5ce8b
assets/6_with_legend_prediction_zoned_9x12_cs256-14aeaf6eef4dd562.png	304485	sticker_core,period_prediction	ff9c2d6bb459192e0e3093a30094cacdb8167f02708e6eb0363e908494e92476
assets/7C483C81-1084-4125-9EFA-F4DE38081DCD-f2a2350e4471ba8b.png	524682	sticker_core	307646bb5030b0dc7564e88cd62be043cf591b128546f2f0b816f131e518d2a4
assets/7_with_legend_hard_residues_9x12_cs256-ac19d1b22c0ccdc9.png	288119	sticker_core	1c33e8799d2be9678f23ce2065c323c77b47e4e5479819fb04bf6e1a8be42001
assets/8patwzyrwKoAAAAASUVORK5CYII-d84f8142e94454ba.png	82929	physical_material	9856c56aecbdb223c56b986c5b39dcf6416ceec8fe8657f2842c01d240417b85
assets/Acorn_mirrored-ef05ed3fe6490745.jpg	27783	registration_geometry	85620dc020d5c7c753d85c940828b5df9e2380821bdba3774a0343c9e04a334e
assets/BarcodeTest-34f5566e71e64230.PNG	9985	symbols_codes	36e82e3ed63d9545794b0c28dc70f627bd2b3e51a0d7e757fe07a1e888f1857f
assets/Braille-Fail-8-1637d780d2499a6c.jpg	16436	symbols_codes	5e653623e93cb0fc9cdf44e9f37049caab167dc8f84fe49e95700fc5ad0896f6
assets/Cover-1-03f8827f15e5c1c3.jpg	30561	physical_material	f5ed6eeb8d02fcb4ca673bd24100ebb0cbc77f9a6e47eedb69126ce85ac9a385
assets/Cover-a0eedad818d23adf.jpeg	1496197	physical_material	dcd2719c98311cde0f827889fe382df05bcaa4248d7d198d38baab5c1fe59383
assets/Cover_blend-dfb43cdd555596a7.jpg	495665	physical_material	7b402747ea636ba9d135ecefca3d9f6521a0b6677fa240ce942ea01778a28ccc
assets/Cover_blend_mirrored-c2fb3d0f85f5b014.jpg	380100	registration_geometry,physical_material	f6f655465f29e16495206397704239d564c6f43c5dd6b9c5335a5b720db7095c
assets/Data-Matrix-Barcode-Example2x-0fb7cb4e6e8fc496.png	1892	registration_geometry,symbols_codes	1d8ee61aadba2084b543ec9bb26a63572db7601569d88e3817196f342175d072
assets/Gateway_status_report.eml_redacted-2f6dcc6739e9117b.txt	7477	external_consumers	94f059185a48ba58b8f0cc779c24fbdc0ebdfc13099f100e0022bc548da60955
assets/INSIDE_Xbox_One_cover_art-d2f31796b6f30359.png	126337	physical_material	6a445f18eecd14c2aa5fb60aedd51d5809d5f549d5f8ca6a64b7fe509e74f2d9
assets/Identify-Oaks-by-the-Acorns-Step-13-Versio-6880716d6cfd1b29.jpg	412228	registration_geometry	413871a56cd4e4f4b17efaffd88a87174f1e5b415714ccf4e4fc8ce44dda258a
assets/Ik4VOdrLA4qH8mAkPd7ysMBVaHgrQruFgFEdvAvWDo-134f626f8bdcc9cf	326522	symbols_codes	00f5f0457cd556a173ff9852440d32316c42fc0180acccf4b46ea329662cfe5e
assets/Image_URL-6dd6165c81a3c92a.jpg	1160562	external_consumers	45c673f7749a1d48cbf741005035839b8be7c7ebe3ad548134fbb6163c3c282c
assets/Inside_pc_acorn_fixed-081372579ea1409c.png	8234	registration_geometry	813e105e3b4972fdc5dd41dc58a679ff57dc4a829ba39ccbf631b31f12636165
assets/Inside_pc_acorn_fixed-9cbfe9261ce9d333.png	11116	registration_geometry	c696fb0fc2a5b68d77ea89a1a520a81457794df492a8672d6ab5700de56d8efa
assets/Inside_pc_acorn_fixed-cf927b3780d48804.png	11532	registration_geometry	bb03e56c085ad30497b602922c08adb94e2dd56107260768a72f90c872179f65
assets/Inside_planet_scan-a185209db99839b5.png	6684	historical_paths	54c7a68ee497f2e2c2a21fe745af8cc5225e2947440c139f42c71123bb01292f
assets/Inside_xbox_braille-1f9465739998e14d.png	117095	symbols_codes,physical_material	40d0dd6638385297514543a872c208e037ce2d69f3873f19792b164bfd1984fc
assets/Inside_xbox_planet-275c324c6b0ccbdc.png	52577	physical_material,historical_paths	df9e3bf6fa6d85dac5b7dad61aa479d47cf00b3dd4dbda792c16b58ca5604cb2
assets/LIFEDISCOVERED-549168fdd6dec1af.pdf	1375264	physical_material	70560cd2d00af826f61116b3d7b7e45d003fcb070a329f81fba27d1a8b1aab1e
assets/Master_Morse_36-8899c086fd084e13.txt	1533	symbols_codes	7ce03c0618373cf823c1f12374ff9840d70db3628231cdbaea51c65b16431319
assets/Probes-5885e0c32c1c872d.jpg	362268	historical_paths	f0f82416abf19ddedea7ed3058c51aeda19e815c5a845f1d78fe887601d7c2cd
assets/QR-Code_Willkommen_bei_Wikipedia-a961c0d66fc0ba22.png	1087	symbols_codes	90ee9e4f73966e077218fdd5dff87dcba93bfaaa44471af0b85036b659bec727
assets/SPOILER_acorn_solution_hidden_message-d83e87eda3958d3f.gif	129101	registration_geometry	4805bb92725074d05e938a5e0312eacff1366091e065a9915a70578e2526b02a
assets/Screen_Shot_2018-07-02_at_4.33.56_PM-b41f5def5108b607.png	49471	sticker_core	29338e719c4e1d5b4ed4d80fe0fa9b9ca95115154ee03dd6b1266a39cfa4f6a2
assets/Screenshot_20200108-110245-d14fc3c5fd3b1ca2.png	313526	sticker_core	9f6e7db94fbb7c540493374631dd7758c8f453d38138b6344ac332f531aca269
assets/Screenshot_20200108-161237-d98d623cf8dfeb05.png	67635	sticker_core	29faebec2d6f97a60657c58f61a46e360342ff8f6e7dabe62ef0d4ecb20e73a9
assets/Screenshot_20200108-161837-614cf3fd6e57e73e.png	113329	sticker_core	ef61c51608bff3cde613516fc7b49331360f3bacaeecbf95a0fb2fe50af1fc49
assets/Screenshot_20200108-184834-264a8d66daed5cb5.png	300787	sticker_core	a4802ae9792db0c5f26909e7871316018e5ac903dfadae583ece79515116e3d1
assets/Screenshot_20200108-232555-8ad09a7bf0be6575.png	384294	sticker_core	d386c439afe3034a38adcc26151db44d1dbff7b8c0173a9249ae16a4967f607f
assets/Screenshot_20200108-232716-a6a0d12ec4b1ad5a.png	79445	sticker_core	c363feb8893f84a3b637a19311aea7c8d5ca3478cf7affc78be812a14bc5c395
assets/Screenshot_20200320-090534_Print_Spooler-b1b8c18d35cdde0b.png	199979	physical_material	9cd82bb0e508ec7fea310718e2868ac3f76a9c2aebafe3a52e00984f4979849c
assets/Screenshot_20200320-090635_Print_Spooler-52e8afa5d1d27462.png	198973	physical_material	84c0623ae07fe6faa541e4a3a347a7b35b6ef77093947e317fefdf4bab1e78b1
assets/Screenshot_20200320-090722_Print_Spooler-2797a95264f53818.png	199437	physical_material	fe426774b69e75a939e97ad21b3d051e5e7405363510141dbc415b5f39c3b8e0
assets/Screenshot_20200320-091022_Print_Spooler-effb403f2e8fcb02.png	199552	physical_material	6c81f76a855c77b5a4967defda60deebcacb2a187cc2e4659c7b8c2c9237073c
assets/SecretProbeFlicker-dd9ddb5551564dfc.txt	16936	historical_paths	d0d539b49814f60deb3d3122b5f6f0affbefbe612d0a38ab5e715bf02e58a17c
assets/SlashSortV0-7fc6af94734b16d8.png	10471	symbols_codes	d5c08cd05f7583466ab1acc891bcd568e3029c8ddc8ecfcc7e39957972284c82
assets/StickerSolution-dc12d5e516ca4922.png	767381	sticker_core	4a842b1d458f8d6e77a54d05bd7779bbf62957db79c7bf7271fe98d148cb09d5
assets/StickerSolution-f19fd331a635aebf.png	767381	sticker_core	4a842b1d458f8d6e77a54d05bd7779bbf62957db79c7bf7271fe98d148cb09d5
assets/Terminal41.link-day-breach_contribution_re-9621e434e1914143.html	577775	external_consumers	7f00f89c369cec8f738fb672be5ef2056640c5e93a269203a5ffe86217d1e2b2
assets/Terminal41.link-day-breach_contribution_re-d8f992b8122788b4.html	565947	external_consumers	0d62af136268c307f07b915ff51143e8cd9a5c25f502800e32e3d92e49df4fa9
assets/Terminal41.link-day-breach_contribution_re-f048067891d74b84.png	393082	external_consumers	a84cffd3b71fefa9a057861e8a502c0fea535d87859dfd463a3b3e10b095a547
assets/Terminal41_emergency_comms_transmission_DA-2b6137ddf4d1c1b3.webp	14746	external_consumers,historical_paths	a14ab2f2f2f6481e4b35a8687dab6d0795ac81209f1d3dfb757bda2b6897aa63
assets/Terminal41streamnasty-4e49549fa85ef9ed.jpg	131180	external_consumers	0141c98ce2ee3c91fcccfcc9ee0634b1db19f99590c6fdaa63d03530b594afa5
assets/Youtube_dots-307ba08dff4d0019.JPG	96516	symbols_codes	b3e0c8f59e7d815f40cd784e887924e68d20d2795d5437e420ea802623d27393
assets/acorn-26dbd70985825ab5.xcf	12692	registration_geometry	0c52275d7b4ab3f302b2fe995a465cc56e2f49c71bc402a5b941fb526e23213d
assets/acorn-c53ef409753e9fa2.mp4	408693	registration_geometry	810f9e814f39720cb98a05ab400c5d55453e258ed822d3ed8c4d67acbe05ac65
assets/acorn_broken-2e23ae13d4b4ea91.JPG	59662	registration_geometry	e55a42bb97785fc8c851efc95ad97267f41da1d53b7349bf9f8296a2e583261d
assets/acorn_morse_mod-a6ed4af42b679ee9.png	24538	registration_geometry,symbols_codes	259fdae43b23c4b487eaa107ab154af0c12f958ef33f91e763cda4a524723f20
assets/acorn_morse_org-2ce0ab4858188a9a.png	24388	registration_geometry,symbols_codes	e2a992a333975204461d70ab415196a691fd29deac26e323f11ed15235b66ebc
assets/acorn_pccodes-80f3fc865f9e98ba.xcf	12032	registration_geometry	501aab8d7bf2be195df2a019919b3b28a8f1cbd6f4675166c0376eabfceb6b5b
assets/acorndiff-a4e69ee3ba5f43c9.png	100385	registration_geometry	5a879e1eaceed90826b62ade742b8f33c556bebaada0d60db55d8a359b182ec7
assets/acornsploded-f2b90b48a0f21d42.png	20974	registration_geometry	03cc22b79ef741fd39f6b927bbf001541b321b5df8279f0ae9b4c0b76c8d504f
assets/barcode-8824d5b77a3fe9f1.jpg	945085	symbols_codes	e7c87cae2dc55aa74ae702ce5204aa6ec1b18bef5b23f2369e2c036c5e8ff9ca
assets/binary_pdf_embed-9932793c8c3f0202.png	19143	symbols_codes	f238f4bc3ba40035b649951e0984b47ca31914480994bb03deec7bac6ddc2fa6
assets/binary_pdf_raw-ebaa75c859097255.png	1322254	symbols_codes	2f6b78c3e73148b1f93a8e249e435d708117fc9efd8bf0aa0e604abfc1d20f5e
assets/braille1-ca3a190bf82eb294.PNG	1314	symbols_codes	3d9586b05438936f22fe7e905b3ec78362473373982fcbc25829037a66fe0d4f
assets/braille2-50d75a08f18f078a.png	52096	symbols_codes	987e811fc727cb10e425a5e2e3381c4fb3f2387132e7ec659121d964f585cbdf
assets/braille2-7b73f618dd321b13.PNG	1240	symbols_codes	bb32474f86006531e07cbebb5f332f51a91d0f3419b26b88db3aedaae75583ef
assets/braille2_edit-d3375a686e54fe27.png	97885	symbols_codes	a7c716ad8d52f6b9b94f8fa4f3cdfbce15eddb07c6db743400137b7c46b182a4
assets/braille_whitebackground-5fdd65b5e1e4abe0.png	60924	sticker_core,symbols_codes	1474c1ecef32067a7f6ad0031e25fd36c447f1ca4c956a3808f9905f6ba36326
assets/dots-0372386f3f981760.gif	1391	symbols_codes	a8f93354bd3885273bbaec60836b869b8a5446a7970e4915992c95d52bae1301
assets/emOrhfNJVUvj6ywputIKM_0wP1-22VAYvsl9scMP20-b2d5344b2340f0e5	598320	physical_material	a80c5a9ba434d7dd62ee763c345aa4331837e28a0dfb9d61b1e649b055639a03
assets/grid_bw_G_only-f87a26b66c68efc9.png	416	registration_geometry	0c6963da4354468d9f553a74532742ce567e466286e548a3011af4a398a406f1
assets/grid_bw_R_only-447d1cb35b9c94c2.png	407	registration_geometry	19cfc19ffa4e2ad837befdd54a675e95d21ec721784357e6e8664fe78bd0883b
assets/grid_bw_R_or_G-bfbbef30767f61ac.png	424	registration_geometry	ec24d3e5ee2cdfd748e22c8bcb8cb3639177c301c19d27cd615caa8b44b53e23
assets/grid_bw_R_or_Y-0d194716ccc90163.png	412	registration_geometry	10883a93adae1de5ea4ad84128b5189bc51be20514179356c7299566a2044ed8
assets/grid_bw_Y_only-fc8c4f0296c61746.png	361	registration_geometry	04ca50f289a7d4192fb9ee01a50a4b1c281df4d98feff5f9aa4fb492461c4d92
assets/grid_bw_not_M-afdc383ad8e16f9d.png	426	registration_geometry	27f1cba904fb6d2b2865e258030ea9a232e2e9ad2b52e057cc6bf95b8a905589
assets/iQrFeature2Image-0a5b2a1cd6ab1531.png	31472	symbols_codes	6f839baf119ec7a0f0a48dfaae52026e6592b8ea1bbbef8d3f9fba8570b3f340
assets/iam8bit-5268fd0eef0a03ee.png	11034	sticker_core	f3ec4a4ecfc59eb8b4f2a2692715135572a665dc8dca655c3394ef2ff427cd5c
assets/jSvDRZ2AoYJhaG9wByAQRr4Pr-b4Zn_MrJZht515sy-9556f2fb4c99b25f	435463	symbols_codes	c4e3add59103011b28971ec09580867ce1d800bd9dee828d0d4c35e4c2ae5dee
assets/layout_03x36_raw-453efc7f630625cb.png	2073	sticker_core	22f7f0d4342eb029f12c4b240f240602852c7ea3caa7395ebe0c9ec97e79e3f4
assets/layout_09x12_raw-fd795323b9294a29.png	2907	sticker_core	eb517b326a5edec5d5c6558a3a43036ac04b603b009288fb41d30d707afe1485
assets/macos_printer_codes_corrected-f758d5b3652fe7b2.txt	569	external_consumers,physical_material	fa3c2dc08f58ddd8059f980da5f440f7397f5e1a5edcf9c09419a5a455c54098
assets/microqr_comp-94be0f74bfdba341.png	3955	symbols_codes	1348666c256dc50828cdcc5f049f52488fc1face70d36261f5402bd2de7f05c2
assets/morse-7f06cbc04daf39c8.PNG	1127536	symbols_codes	d9a98cdbb262ed9d77e23d203c2d117e1e6286795876b87d5af71e959969495c
assets/morse-8e499dceaca2be43.png	1127536	symbols_codes	d9a98cdbb262ed9d77e23d203c2d117e1e6286795876b87d5af71e959969495c
assets/morse_terminal-bbf3106a8dd39761.png	545201	symbols_codes	fdfd31826614dbe9a689979223f70c3e35038842867cd0ec3e9bd39b4caf513d
assets/morsechars-125be622e2e1e588.JPG	41778	symbols_codes	7b8118d5c7a80e1b9c6d1f7977c06cc59420ac2236f01a251fc85a4b1161e40b
assets/multiple_probes_dispatched_printer_respons-306acc148ff08e55.png	425837	external_consumers,physical_material,historical_paths	20059b12fbb32ee47c5468daa53288ee62327ac63a1fe6ac3c7900bf9cc57d80
assets/nodashes-7a1a2a665309e85f.jpg	105004	symbols_codes	51b7e4834a7aee8d5453d9ee1cf5daab72d8057e86b445067cb2f471305d9284
assets/norepeats-0884644bcc7efeee.PNG	4660	period_prediction	fa2475c9899e0f2877f14584e019c395d4c74ae22eec1aea5ad9cf2465055337
assets/organised_sticker_puzzle-097b0148e47a6836.jpg	12549	sticker_core	cb7dfeb41351155a86546452d391dc7eba39c04b3eb57beb81fa2561473f4ac5
assets/organised_sticker_puzzle-2408ab827f411c09.jpg	12549	sticker_core	cb7dfeb41351155a86546452d391dc7eba39c04b3eb57beb81fa2561473f4ac5
assets/pc_braille2-1777e228e7bcc0a3.PNG	8030	symbols_codes	6934e9fbbb88153608c3741099f4240028a231803baf051c9e5cf0e46f56982e
assets/pc_braille3-2a8987c6d2e96acb.PNG	7250	symbols_codes	23f39ebdd47575c4f6fc10c018ff1f058ea08dfefb7bb37910317c80cedaca79
assets/pc_long2_interlaced_object-4f3398e1d2e0dc71.xcf	10276	registration_geometry	80d34d77a6d4c8f8beb8d922621e9bae79ac1b29a2560490e09d5c1114871c13
assets/pc_long2_interlaced_object-e46115f631f3553d.xcf	9970	registration_geometry	83d669fe42fe0d8f93b5eab81e8e963dfb2980653f3bb9322d0d252030bcb1a1
assets/pc_long_rearranged-99bc33e639af2613.PNG	1940	registration_geometry	c22a9bfde076531664b5fe25c4a5a1ba846988cfc55732a6dfa0cf3a96a28a60
assets/pc_long_rearranged_onlydots-18622c27256a9042.PNG	1321	registration_geometry,symbols_codes	a235b980e3bb7edd281b6e95caef013d335e27ff0fed52c6bcb59e7cb24d8be7
assets/pc_long_rearranged_onlydots-4dce5b0461239010.PNG	1321	registration_geometry,symbols_codes	a235b980e3bb7edd281b6e95caef013d335e27ff0fed52c6bcb59e7cb24d8be7
assets/pc_long_rearranged_onlydots_-_Copy-9735302863658d6c.PNG	1664	registration_geometry,symbols_codes	64a0aa7a47584e4bb1a9b979af5a1900414d6285de35cc80153038271eb7327d
assets/print-b58746938d8d0071.txt	3100	physical_material	3c51574ef71c620affd7ab9c2d348fdbab2e2d532b3ca81f1511c9b7db0566d6
assets/print-fe9137cc6698cf11.PNG	299822	physical_material	0499e2593c30ef2f6f0dba6c36e76a284838521b029d1cff33739afa10cd3af8
assets/print1-c46b5a81468d68e0.PNG	14471	physical_material	f31e78385ee6b641caf2b51a795997da1c18bd4af27381b3f3b4e2eb8a5af60a
assets/print2-fd9f24ebf5eda29b.PNG	219760	physical_material	0816e61b7983de5e35d2c0789107a1eb7325519421cd9683892803940ae3a949
assets/print3-1104f81ff08c8808.PNG	2463	physical_material	182f74b7d379db0ae04766c383085561896c23c7419aa8b0c43568a731fb1181
assets/print4-89af66ed92536a46.PNG	139503	physical_material	d35f5e3263e6f3c39340c625bced95e72201f14c128d16fd60fd930ec5bc5843
assets/printer-9a682a07318edbb4.jpg	1019	external_consumers,physical_material	c8cbb4ec4dd22f695538ad81f895223edb66013da301fcff543af70eb751e210
assets/printer-c12bb4c38bd3ea2b.zip	987	external_consumers,physical_material	87af751ed1ec597466501f458903baf45de46b7a464f12141b3c3731dac2e6d2
assets/printer-image-5ab3ef46aed858ec.zip	1300347	external_consumers,physical_material	421d2dbff4f64af01dd5eac952e2d859b0900f353e73cdf91187d2ab975949d0
assets/printerimagethingy-331942486c2ce9ae.jpg	19760	external_consumers,physical_material	e48b70cd198e98406ed7a3eafd3bc9952507bc25d4014ab8be353c7114b12138
assets/qr-db7582e8afb2d11f.PNG	17592	symbols_codes	6206f88f0762a2c50c9c0bee5aa372f1f786632a0fa68601b051f6e7635f7d6e
assets/sequence_prob-bb1047802f422f07.txt	18729	period_prediction	b128ced4cb3dfc449123e656d5bcc56f1083cc2f8300135313c4c11e7107a1ab
assets/short_strings_acorn1-c7372da535a08a6c.JPG	81064	registration_geometry	dc44181256a09893c111f3cbf43315c7b9277e74b848ffe25712d390ea689dd9
assets/sticker_118-8a707713fbf98032.PNG	273693	sticker_core	453cca55c89d7277b9f5994711313bcff02ae34c15bd67b78d93a3da75b0ef78
assets/sticker_random_gen-62dad1a83c441653.py	107362	sticker_core	8473ccc83086c9da5392aa0d67d1e2d918d8819f3fa6c62cee0e836245887f4b
assets/sticker_random_gen-725456418656298f.py	38821	sticker_core	6249c66391bf5b75e25afc411be1855e5c6f80ba54752dab72c06d9a88cffae5
assets/sticker_random_gen-8a08af05eecf2404.py	21254	sticker_core	69503312438baff973baae222a305a8a07d37f923119305f072b119021c08bb9
assets/stickers_csv-c3400f31325053ee.csv	6240	sticker_core	c926d8f6d3110837e895aba4e4997ca62fe003093a3e442b4f89353ac0be2526
assets/stickers_graph-d76961da71021825.png	1864000	sticker_core	0b9a67de7006b9e6443df5a055a48e85b64aeb7d73b8d01255cb818cdb4c064f
assets/stickers_image-7097db945f0f9efd.png	1681	sticker_core	b013f2cbf8086c4536bf1f0a856ad789b86ff9f1130ca962bc0d2ba697303a7a
assets/terminal41-1d9539e0649bc7c8.zip	1605024	external_consumers	124546b50513a5fae5f24c7e222d02c20b24052dcc2e7fec59c7c97b357d7540
assets/terminal41_saf_dat_col-9e22ee686b59e746.txt	1986163	external_consumers	53cd286fce00071b7a9b75ddbcec2f285d2e893718fc1226d5cea35fa4a6cd6c
assets/transmission_id41786174541g1f561f418645454-1b0aeaa8f27d7470.png	19360240	historical_paths	db67f13634004b8f3914aae6e06bd40f01e4f71531d689603d0f1f3be2a99ded
assets/transmission_id41786174541g1f561f418645454-97c07f1819ffc5d8.png	19360240	historical_paths	db67f13634004b8f3914aae6e06bd40f01e4f71531d689603d0f1f3be2a99ded
assets/transmission_id41786174541g1f561f418645454-c1f062b919eb87e9.png	6708470	historical_paths	0c1cacc3220bdb40542e2b2f56244152b7198ccdf1f24a84978f9b5d661e2a62
assets/twelve_3x3_squares-cccbc93870291d33.png	19297	sticker_core	d10606149d96dd090538c5b380af5a976b93c1d8717df8d0032656563e71c128
assets/unknown-d0c5e5a2d0353108.png	695151	sticker_core	539023aa68a7e3ca433525bdb7841d87495020b2a5e3c5a8431bbad32a88d90b
assets/wNr2pQAAAAGSURBVAMAzZmZdUBraioAAAAASUVORK5-0b9950fa9de48dd0.png	730	physical_material	cf6bcf69de3ec4fa1fa42490ef895b89097a67b765fc513937fa4600a2953b7e
assets/xboxstrings1-44b6fd84ecbaf8bb.PNG	23790	physical_material	4252e658c896c760ad6a3b6a6cadc9c167fde38a9aa1272d9d4e946ebda87a52
assets/xboxstrings1-e2e30379e59f4c99.PNG	23790	physical_material	4252e658c896c760ad6a3b6a6cadc9c167fde38a9aa1272d9d4e946ebda87a52
assets/xboxstrings2-10376cbfaddf651c.png	8285	physical_material	e2013c71c458a794fb30d15362c56cbe853e996272a766df629b113dbd666512
assets/xboxtest-31722802603942a4.PNG	19635	physical_material	a13fd8783be6f94fc32acc0b56e2f90927c057b9f12bccd6557467602637cdf3
assets/zaxh1MAAAAGSURBVAMAfbJz2GX3SYIAAAAASUVORK5-ddc34bcbd4d8b518.png	4754	physical_material	1ba2e5f466ce0049b8a3453d682378e48da6bacd05a96d5e9d49127e7114d94d
