file	line	patterns	text	context
Playdead Unofficial - ARG - solving [461275582970462209].txt	77877	sticker_597	@Juicy https://steamcommunity.com/app/304430/discussions/0/365172547948628597/	 | [1/13/2019 6:59 PM] pitch_bright | @Juicy please read the #tldr channel |  |  | [1/15/2019 3:20 AM] Deleted User | @Juicy https://steamcommunity.com/app/304430/discussions/0/365172547948628597/ |  | {Embed} | https://steamcommunity.com/app/304430/discussions/0/365172547948628597/ | Two Unresolved Mysteries (Spoilers) - ONE SOLVED! :: INSIDE Genera... | assets\330a1902986716b0ab8947c8571687403bb99d6e-4a2ab07baecba634.jpg | 
Playdead Unofficial - ARG - solving [461275582970462209].txt	77880	sticker_597	https://steamcommunity.com/app/304430/discussions/0/365172547948628597/	 |  | [1/15/2019 3:20 AM] Deleted User | @Juicy https://steamcommunity.com/app/304430/discussions/0/365172547948628597/ |  | {Embed} | https://steamcommunity.com/app/304430/discussions/0/365172547948628597/ | Two Unresolved Mysteries (Spoilers) - ONE SOLVED! :: INSIDE Genera... | assets\330a1902986716b0ab8947c8571687403bb99d6e-4a2ab07baecba634.jpg |  |  | [1/15/2019 8:17 PM] neoaky | thanks!
Playdead Unofficial - ARG - solving [461275582970462209].txt	84281	image_audio	convert an image to sound?	 | {Attachments} | assets\Untitled_33-d8a03e3416e28f63.pdf |  |  | [4/13/2019 1:21 AM] gs_base | convert an image to sound? |  |  | [4/13/2019 1:24 AM] gs_base | honestly, its awesome to have new stuff to solve |  | 
Playdead Unofficial - ARG - solving [461275582970462209].txt	84872	image_audio	@Zet can sonic visualizer do the opposite? turn an  image into sound?	 | [4/13/2019 10:45 AM] thingy1637 | I tried with a cropped image and with the full image |  |  | [4/13/2019 10:45 AM] thingy1637 | @Zet can sonic visualizer do the opposite? turn an  image into sound? |  |  | [4/13/2019 10:45 AM] thingy1637 | I don't think it works like this but yeah |  | 
Playdead Unofficial - ARG - solving [461275582970462209].txt	85577	image_audio	Can we get audio by inverting the image?	 | [4/13/2019 1:57 PM] benrt | It’s possible that the website suffix is encoded in that |  |  | [4/13/2019 1:58 PM] goofyg | Can we get audio by inverting the image? |  |  | [4/13/2019 2:01 PM] beanmaster2 | Wait |  | 
Playdead Unofficial - ARG - solving [461275582970462209].txt	85660	image_audio	yes that's how we got the audio image	 | [4/13/2019 2:03 PM] beanmaster2 | Yes |  |  | [4/13/2019 2:03 PM] thingy1637 | yes that's how we got the audio image |  |  | [4/13/2019 2:04 PM] beanmaster2 | Oh damn |  | 
Playdead Unofficial - ARG - solving [461275582970462209].txt	88240	image_audio	I was actually just trying to show that the audio ends with a series of boxes, like in the YT vid, and the New Image	 | [4/13/2019 8:14 PM] ssszmey | I think we are done with that audio. For now at least. |  |  | [4/13/2019 8:15 PM] pitch_bright | I was actually just trying to show that the audio ends with a series of boxes, like in the YT vid, and the New Image |  |  | [4/13/2019 8:16 PM] avangelista | ohhh |  | 
Playdead Unofficial - ARG - solving [461275582970462209].txt	92312	image_audio	I was just thinking the New Image from LIFEDETECTED with the audio	 | [4/14/2019 12:03 AM] elronodelp | Cant find the color values |  |  | [4/14/2019 12:03 AM] pitch_bright | I was just thinking the New Image from LIFEDETECTED with the audio |  |  | [4/14/2019 12:03 AM] pitch_bright | to start with |  | 
Playdead Unofficial - ARG - solving [461275582970462209].txt	92361	image_audio	doesnt seem to be any of those colors in the sound wave image	 | [4/14/2019 12:06 AM] pitch_bright | I refuse to change |  |  | [4/14/2019 12:06 AM] avangelista | doesnt seem to be any of those colors in the sound wave image |  |  | [4/14/2019 12:07 AM] pitch_bright | ah well |  | 
Playdead Unofficial - ARG - solving [461275582970462209].txt	110515	sticker_597	assets\Screen_Shot_2019-04-13_at_4.09.52_PM-d27c1c9f0418d597.png	" |  | [4/15/2019 5:32 PM] pitch_bright | ""Hey Gearbox, whaddabout now, beeech"" |  | {Attachments} | assets\Screen_Shot_2019-04-13_at_4.09.52_PM-d27c1c9f0418d597.png |  | {Reactions} | 😂 (2) |  | [4/15/2019 5:32 PM] Deleted User | haha"
Playdead Unofficial - ARG - solving [461275582970462209].txt	121558	image_audio	sound file from the new teaser image is exactly the same if anyone was wondering	 | [4/18/2019 11:53 PM] goofyg | If the Ford Cipher can be solved, I know we’ll find a way. |  |  | [4/19/2019 10:58 AM] avangelista | sound file from the new teaser image is exactly the same if anyone was wondering |  |  | [4/19/2019 10:59 AM] avangelista | i just want a sign 😦 |  | 
Playdead Unofficial - ARG - solving [461275582970462209].txt	132615	sticker_597	597 to be exact	 | [1/16/2020 8:01 PM] Deleted User | 5 |  |  | [1/16/2020 8:01 PM] gs_base | 597 to be exact |  |  | [1/16/2020 8:01 PM] pitch_bright | I puked in my mouth a little when i saw that |  | 
Playdead Unofficial - ARG - solving [461275582970462209].txt	133051	image_audio	sounds like another image	 | [1/16/2020 10:05 PM] aabho | wait, so it's just repeating characters/ |  |  | [1/16/2020 10:05 PM] aabho | sounds like another image |  |  | [1/16/2020 10:05 PM] aabho | pixel art |  | 
Playdead Unofficial - ARG - solving [461275582970462209].txt	133839	sticker_597	assets\ss_05cb5a63a3f2b458445a7b9ddc48c95e7926597-e9083c84fc410dbe.png	 |  | [1/21/2020 9:00 PM] gs_base |  |  | {Attachments} | assets\ss_05cb5a63a3f2b458445a7b9ddc48c95e7926597-e9083c84fc410dbe.png |  |  | [1/21/2020 9:00 PM] gs_base | for comparison |  | 
Playdead Unofficial - ARG - solving [461275582970462209].txt	134521	sticker_597	@semus0 no, we've seen 597 also.	 | [1/26/2020 4:18 AM] semus0 | There was a theory that they repeat after a certain number, and that seemed a logical limit. |  |  | [1/26/2020 5:13 AM] dragonslayer875 | @semus0 no, we've seen 597 also. |  |  | [1/26/2020 5:17 AM] dragonslayer875 | Also,  @TranceFormation and @Pitch Bright  one of the people from reddit have replied. The person has shared some quite detailed pictures.  | https://m.imgur.com/gallery/ce5GJnm | NOTE - Have we seen pattern around the main symbol like this one?
Playdead Unofficial - ARG - solving [461275582970462209].txt	138298	sticker_597	Each sticker is numbered, and the largest number we have is 597.	There have been many speculations about what the actual number is of the Collector's Edition (the one whose pictures you sent). | We have been taking 2000 as a reference because if they have made 2000 physical discs, the probability of most codes we would have to collect cannot go beyond 2000. |  | The sticker comes with the $375 pack. | The game discs alone don't have the sticker. |  | Each sticker is numbered, and the largest number we have is 597. | So we can definitely say that there are at least 597 CEs (375$) out there. |  |  | [1/29/2020 7:29 AM] dragonslayer875 | So you might be right and there may not be 2000 CEs. | 
Playdead Unofficial - ARG - solving [461275582970462209].txt	138299	sticker_597	So we can definitely say that there are at least 597 CEs (375$) out there.	We have been taking 2000 as a reference because if they have made 2000 physical discs, the probability of most codes we would have to collect cannot go beyond 2000. |  | The sticker comes with the $375 pack. | The game discs alone don't have the sticker. |  | Each sticker is numbered, and the largest number we have is 597. | So we can definitely say that there are at least 597 CEs (375$) out there. |  |  | [1/29/2020 7:29 AM] dragonslayer875 | So you might be right and there may not be 2000 CEs. |  | 
Playdead Unofficial - ARG - solving [461275582970462209].txt	138336	sticker_597	The gist of the upper conversation is that there are less (if not more) than 2000 CEs and the highest number we have is 597.	[1/29/2020 7:36 AM] pitch_bright | Now I'm confused. We agreed that theres not more than 999 CEs. |  |  | [1/29/2020 7:39 AM] dragonslayer875 | 😅😂 | The gist of the upper conversation is that there are less (if not more) than 2000 CEs and the highest number we have is 597. | Otherwise it might be better if me and  @Raezores just delete the upper chat so more people don't get confused. 😅 |  |  | [1/29/2020 7:39 AM] pitch_bright | Haha, its fine. | 
Playdead Unofficial - ARG - solving [461275582970462209].txt	140268	sticker_597	(597)	 | [2/1/2020 1:26 AM] pitch_bright | and also why the iam8bit unboxing video has such a high number compared to the rest of what we're seeing |  |  | [2/1/2020 1:26 AM] pitch_bright | (597) |  |  | [2/1/2020 1:27 AM] pitch_bright | and explains why they are now selling CEs again, stating that they have overruns |  | 
Playdead Unofficial - ARG - solving [461275582970462209].txt	142843	sticker_597	with the highest CE# we've seen being 597... there's no super-compelling reason to believe there's more than 600	 | [2/19/2020 9:44 AM] pitch_bright | confident, even |  |  | [2/19/2020 9:44 AM] pitch_bright | with the highest CE# we've seen being 597... there's no super-compelling reason to believe there's more than 600 |  |  | [2/19/2020 9:45 AM] pitch_bright | that 597 was an iam8bit CE (one they kept for themselves) |  | 
Playdead Unofficial - ARG - solving [461275582970462209].txt	142847	sticker_597	that 597 was an iam8bit CE (one they kept for themselves)	 | [2/19/2020 9:44 AM] pitch_bright | with the highest CE# we've seen being 597... there's no super-compelling reason to believe there's more than 600 |  |  | [2/19/2020 9:45 AM] pitch_bright | that 597 was an iam8bit CE (one they kept for themselves) |  |  | [2/19/2020 9:45 AM] roulette_d | Yeah, I was just looking at the numbers on the doc |  | 
Playdead Unofficial - ARG - solving [461275582970462209].txt	144989	sticker_597	so it's 1,000 Max. The highest # we've seen so far is 347, if you don't count the CE that iam8bit owns and used in their promo unboxing video, which was 597.	 | [3/17/2020 9:47 AM] pitch_bright | there's only 3 digits in the CE #'s.  000-999 |  |  | [3/17/2020 9:48 AM] pitch_bright | so it's 1,000 Max. The highest # we've seen so far is 347, if you don't count the CE that iam8bit owns and used in their promo unboxing video, which was 597. |  |  | [3/17/2020 9:50 AM] pitch_bright | It's safe to assume iam8bit kept a few for themselves for their corporate materials and their own archives. Probably a handful from the end of the run. 597 is real close to 600... so I'd be money that they had 600 made, kept 590-600 for themselves... and happened to use 597 for their video. |  | 
Playdead Unofficial - ARG - solving [461275582970462209].txt	144993	sticker_597	It's safe to assume iam8bit kept a few for themselves for their corporate materials and their own archives. Probably a handful from the end of the run. 597 is real close to 600... so I'd be money that they had 600 made, kept 590-600 for themselves... and happened to use 597 for their video.	 | [3/17/2020 9:48 AM] pitch_bright | so it's 1,000 Max. The highest # we've seen so far is 347, if you don't count the CE that iam8bit owns and used in their promo unboxing video, which was 597. |  |  | [3/17/2020 9:50 AM] pitch_bright | It's safe to assume iam8bit kept a few for themselves for their corporate materials and their own archives. Probably a handful from the end of the run. 597 is real close to 600... so I'd be money that they had 600 made, kept 590-600 for themselves... and happened to use 597 for their video. |  |  | [3/17/2020 9:51 AM] pitch_bright | Since we've seen 347 out in the public... chances are they started releasing CEs when RealDoll finished the first half(ish) of iam8bit's order with them. |  | 
Playdead Unofficial - ARG - solving [461275582970462209].txt	159062	sticker_306	looking at it now it seems kind of interesting that we haven't found anything between 263 and 306 among the 39 editions we've found	" | [4/11/2020 9:08 PM] aperson1 | and if it just had a period of 2 that'd be kind of silly because it'd require an average of more than half editions to be ""recovered"" intact |  |  | [4/11/2020 9:10 PM] aperson1 | looking at it now it seems kind of interesting that we haven't found anything between 263 and 306 among the 39 editions we've found |  |  | [4/11/2020 9:10 PM] raezores | Ye it's a big gap |  | "
Playdead Unofficial - ARG - solving [461275582970462209].txt	161019	image_audio	the youtube stream image looks like an image sent by RTLSDR, basically sending images through radio waves, useful for satellites/the ISS which makes sense if the ARG is hype for the new space-themed game	 | [4/21/2020 4:06 AM] aperson1 | that we've done the exact thing they didn't want to happen again |  |  | [4/21/2020 4:06 AM] 7worm | the youtube stream image looks like an image sent by RTLSDR, basically sending images through radio waves, useful for satellites/the ISS which makes sense if the ARG is hype for the new space-themed game |  |  | [4/21/2020 4:06 AM] lifeguardpanda | i mean do you really think you were going to find out that image |  | 
Playdead Unofficial - ARG - solving [461275582970462209].txt	164209	image_audio	Yeah JFIF sounds neat. Looking forward to seeing what the image editor people do with it 🙂	 | [4/21/2020 12:05 PM] pitch_bright | Just my theory on it. |  |  | [4/21/2020 12:05 PM] pitch_bright | Yeah JFIF sounds neat. Looking forward to seeing what the image editor people do with it 🙂 |  |  | [4/21/2020 12:06 PM] pitch_bright | PS. Scroll back and find them |  | 
Playdead Unofficial - ARG - solving [461275582970462209].txt	171139	image_audio	What if you convert an image into audio???	 | [4/24/2020 12:24 AM] aperson1 | decrypting the goddamn voynich manuscript |  |  | [4/24/2020 12:25 AM] teo.duque | What if you convert an image into audio??? |  |  | [4/24/2020 12:25 AM] Deleted User | What does a pixel sound like |  | 
Playdead Unofficial - ARG - solving [461275582970462209].txt	171155	image_audio	actually I think it was a pdf with an image on it and then another image overlayed that was difficult to see and if you took the overlayed image and turned it into audio it was a thing	 | [4/24/2020 12:25 AM] Deleted User | What if when you took a photo it also captured the split milisecond of audio that was happening when the photo was taken |  |  | [4/24/2020 12:25 AM] algorythmm | actually I think it was a pdf with an image on it and then another image overlayed that was difficult to see and if you took the overlayed image and turned it into audio it was a thing |  |  | [4/24/2020 12:26 AM] Deleted User | Like a one frame long video with audio |  | 
Playdead Unofficial - ARG - solving [461275582970462209].txt	172021	sticker_597	And the highest number we have seen so far is like 597 from iam8bit, and theres this huge gap in between. iam8bit said theres only a handful leftover collector's editions, but could it really be as much as up to 1000 in total? It's very quiet on Ebay and not a lot of posts on it on the internet and stuff. And still atleast 800+ left of the physical copies available on iam8bit's website	Is it possible that 12:12 is a release date or a date of some sort of significance? Still thinking about that one. |  |  | [4/24/2020 5:27 PM] raezores | I just wanted to mention, I don't think theres really a difference between the 2000 made physical versions of INSIDE versus the one you get in the collector edition. When I showed the images of mine, I realised that under the correct angle/light, it was a little bit transparent, guess my room light isn't that good🤔  So I'd guess the light is key to see through? |  | And the highest number we have seen so far is like 597 from iam8bit, and theres this huge gap in between. iam8bit said theres only a handful leftover collector's editions, but could it really be as much as up to 1000 in total? It's very quiet on Ebay and not a lot of posts on it on the internet and stuff. And still atleast 800+ left of the physical copies available on iam8bit's website |  |  | [4/24/2020 5:27 PM] raezores | Just pointing it out 🤔 |  | 
Playdead Unofficial - ARG - solving [461275582970462209].txt	174879	image_audio	Am I crazy or does the stream image look like it sounds like something?	mm yeah, I know the wasd is the door combo, seems like there's more there. | That looks really hectic. | It'd be really useful to have a laid out set of resources for each of these puzzles from source information to results after trying to decode, it'd make looking for untried possibilities like a mind map |  |  | [4/26/2020 4:46 AM] fortisfortemlucem | Am I crazy or does the stream image look like it sounds like something? |  |  | [4/26/2020 5:05 AM] aperson1 | i dont think it does |  | 
Playdead Unofficial - ARG - solving [461275582970462209].txt	176387	image_audio	There are a lot of different ways of hiding information. The the first split happening at physical or digital, digital encoding can be anything from an image needing certain portions added or eliminated, singular colours, specific patterns, then there's contrast to find things out of place that blend well, then there's audio that can be hidden in the image of a soundwave, audio clips forming an image, text that can be put through hex, binary and morse among other unconventional languages. 	Put together and contrasted up like mad the background was made discernable and so the hidden letters and numbers were found to form the end of a url for a site that's since gone down. | It seems to have been solved, there may be more to it, but most likely the use left for it is as an example of what encoding methods or style of hiding things might be used for other puzzles. | There might be more unknown stickers, but they'd probably come with different letters, but unlikely and CEs are kinda expensive so not too common. |  |  | [4/29/2020 2:36 PM] fortisfortemlucem | There are a lot of different ways of hiding information. The the first split happening at physical or digital, digital encoding can be anything from an image needing certain portions added or eliminated, singular colours, specific patterns, then there's contrast to find things out of place that blend well, then there's audio that can be hidden in the image of a soundwave, audio clips forming an image, text that can be put through hex, binary and morse among other unconventional languages.  | The second path on that is pen-to-paper codes, this includes field ciphers used by the military to encode messages, working on the principal that if you have a keyword you can decode a message from text using a simple grid of letters, but the list goes on when it comes to decoding text on paper, the variations on the norm alone can make a big difference, transposition, disrupted transposition, fractionation, the list goes on. | From what I've seen of the solved puzzles and what the amazingly hard working code crackers here have done, each encoding has been unique some from text in-game, some from the morse printer, some from the website with the printer icon. So the only common thread to possibly find would be to identify what sphere of encoding has sparked Playdead's interests and what similar methods would likely be in use. There's some margin of error, because all the puzzles haven't been solved. One mistake in processing a piece can throw off the whole message as well so even being on the right track can lead to a dead end. |  |  | [4/29/2020 2:40 PM] fortisfortemlucem | @Silverfish So for the stickers, we'd have to wait for new ones to pop up, which is out of our control and its not likely there'd be more unique ones without an obvious change. From Playdead's perspective it'd be risky not just doing a few that come together and repeat with variation to see better angles.
Playdead Unofficial - ARG - solving [461275582970462209].txt	177701	image_audio	There's that unexplained audio form found in the project-3 image although no sure how that would lead anywhere, but those vertical lines at the end of the audio file is sus.	[5/4/2020 9:31 PM] fortisfortemlucem | plus the b02 at the end is a dead give away that it's not just a keyboard mash |  |  | [5/4/2020 9:34 PM] fortisfortemlucem | As far as I remember there's the page left undone that's being focused on now. The acorns weren't perfectly solved, but the information was gained, the site being down ended a few things halfway, a few pages and weird hashes. There's the morse on the stickers each possibly adding up to a string although there must be a failsafe for loss somewhere, cuz I don't think playdead are dum.  | There's that unexplained audio form found in the project-3 image although no sure how that would lead anywhere, but those vertical lines at the end of the audio file is sus. | and the livestream |  | {Reactions} | 👍 (2) |  | [5/4/2020 9:35 PM] aperson1
Playdead Unofficial - ARG - solving [461275582970462209].txt	178725	sticker_306	 The guy who has * 206 is a H and the one with * 306 is also a *, with the letter I, again meaning the letters and symbol match atleast at each 100. So I guess that could mean 106 is also a *.	 |  | [5/9/2020 12:41 PM] raezores | **Just spinning thoughts here to get the ball rolling:** | I'm realizing, I have / 154, and just now sonicstud came in with a / 354.   | My 154 is an A, the 354 is C, meaning it would make sense the 254 would be a / and B. |  The guy who has * 206 is a H and the one with * 306 is also a *, with the letter I, again meaning the letters and symbol match atleast at each 100. So I guess that could mean 106 is also a *. |  |  | [5/9/2020 12:42 PM] raezores | What's your thinking on this guys? |  | 
Playdead Unofficial - ARG - solving [461275582970462209].txt	182313	sticker_597	Just wondering what the general consensus is on 597.  It seems improbable to have such a large gap between numbering when looking at the current spread.	assets\image0-02a913e4acd554a4.png |  | {Reactions} | 😃 (2) |  | [6/6/2020 1:41 PM] slimjim5633 | Just wondering what the general consensus is on 597.  It seems improbable to have such a large gap between numbering when looking at the current spread. |  | {Reactions} | ☝️ (2) |  | [6/6/2020 4:26 PM] aperson1 | @slimjim 597 came from playdead themselves
Playdead Unofficial - ARG - solving [461275582970462209].txt	182319	sticker_597	@slimjim 597 came from playdead themselves	Just wondering what the general consensus is on 597.  It seems improbable to have such a large gap between numbering when looking at the current spread. |  | {Reactions} | ☝️ (2) |  | [6/6/2020 4:26 PM] aperson1 | @slimjim 597 came from playdead themselves |  |  | [6/6/2020 4:26 PM] aperson1 | or at least the dudes affiliated with em |  | 
Playdead Unofficial - ARG - solving [461275582970462209].txt	192915	sticker_597	But the highest sticker we’ve seen by far is from iam8bit with 597	 | [9/8/2020 8:40 AM] raezores | They never told anyone anything about how many was made |  |  | [9/8/2020 8:41 AM] raezores | But the highest sticker we’ve seen by far is from iam8bit with 597 |  |  | [9/8/2020 5:07 PM] santiface | @bleh Yeah, they have never confirmed it. But based on the fact that the stickers are three digits, we assume less than a thousand. |  | So far we have confirmed the existence of a little over 100 CEs (you can see a detailed list here: https://github.com/twinysam/INSIDE-ARG/blob/master/stickers.md)
Playdead Unofficial - ARG - solving [461275582970462209].txt	193925	sticker_597	Yeah I believe that is correct, it could very well be that iam8bit's -597 is (one) of the highest number out there	FINALLY I GOT IT! **Noclips through floor at start of game** |  | NOOOOOOOO!!! |  |  | [10/25/2020 8:15 PM] raezores | Yeah I believe that is correct, it could very well be that iam8bit's -597 is (one) of the highest number out there |  |  | [10/25/2020 8:16 PM] santiface | Hmm |  | 
Playdead Unofficial - ARG - solving [461275582970462209].txt	198296	sticker_306	       /         *(306)	 --/  /     */    (198) |        *          (216) |     /         /   (234) |        -  / -/   /(252) |      /    /   -   (270) |            /      (288) |        /         *(306) |      /           /(324) |    -     - - -/   (342) | -   -      /      (360) |  / / /        -   (378) |      /            (396) |         /         (414)
Playdead Unofficial - ARG - solving [461275582970462209].txt	203138	supersecret	We never tried, but it would be pointless. They are super secretive.	 | [7/11/2021 5:07 PM] otanim | I mean mailing them. |  |  | [7/11/2021 5:08 PM] santiface | We never tried, but it would be pointless. They are super secretive. |  |  | [7/11/2021 5:08 PM] santiface | We assume they keep tabs on our progress though. So they know what we know. |  | 
Playdead Unofficial - ARG - solving [461275582970462209].txt	204849	sticker_597	Hmm if 597 is last sticker, and /, could we potentially calculate what number 1 is? Since we have 2 and 3	 | [1/29/2022 2:22 PM] santiface | 000 would be I, but it would be strange if they started by the end like that |  |  | [1/29/2022 2:23 PM] raezores | Hmm if 597 is last sticker, and /, could we potentially calculate what number 1 is? Since we have 2 and 3 |  |  | [1/29/2022 2:23 PM] raezores | Or like do some math stuff or idk xd |  | 
Playdead Unofficial - ARG - solving [461275582970462209].txt	207135	sticker_306	assets\image-b1304574f3664306.png	 |  | [12/22/2022 9:36 PM] gs_base |  |  | {Attachments} | assets\image-b1304574f3664306.png |  |  | [12/22/2022 9:36 PM] gs_base | yeah i think it's bogus |  | 
Playdead Unofficial - ARG - solving [461275582970462209].txt	207455	sticker_597	also if we assume that 597 is the last character in the sequence, could we hypothetically guess the length?	 | [12/22/2022 10:13 PM] raezores | I did see A B C |  |  | [12/22/2022 10:13 PM] gs_base | also if we assume that 597 is the last character in the sequence, could we hypothetically guess the length? |  |  | [12/22/2022 10:14 PM] raezores | ah nvm |  | 
Playdead Unofficial - ARG - solving [461275582970462209].txt	207475	sticker_597	if that were the case, then the sequence could only be 1, 3, 199, and 597 characters long	 | [12/22/2022 10:14 PM] raezores | that's just the 9 part image thing, the repeating stuff |  |  | [12/22/2022 10:14 PM] gs_base | if that were the case, then the sequence could only be 1, 3, 199, and 597 characters long |  |  | [12/22/2022 10:15 PM] gs_base | assuming the sequence started on the first sticker |  | 
Playdead Unofficial - ARG - solving [461275582970462209].txt	212853	sticker_597	good that you mention it, I just noticed I had a typo (397 instead of 597) in the code for my previous image. This is the correct image, with one sticker for iam8bit in the last row.	 | [6/12/2023 3:27 PM] raezores | Also the highest sticker before the iam8bit one |  |  | [6/12/2023 4:14 PM] darkmatter_11 | good that you mention it, I just noticed I had a typo (397 instead of 597) in the code for my previous image. This is the correct image, with one sticker for iam8bit in the last row. |  | {Attachments} | assets\image-141125f1f1c01dd4.png |  |  | [6/12/2023 4:23 PM] justoniothesnake
Playdead Unofficial - ARG - solving [461275582970462209].txt	212872	sticker_597	Every collector's edition has a sticker with a symbol (/ - •) and a number (between 000 and 597). This picture is a visualization of all the stickers we have so far: gray=/ red=- yellow=•, arranged in a grid of 108 columns.	 | [6/12/2023 4:24 PM] justoniothesnake | But honestly im more in for the lore than the arg so i dont really know this all well lol |  |  | [6/12/2023 4:31 PM] darkmatter_11 | Every collector's edition has a sticker with a symbol (/ - •) and a number (between 000 and 597). This picture is a visualization of all the stickers we have so far: gray=/ red=- yellow=•, arranged in a grid of 108 columns. |  |  | [6/12/2023 4:33 PM] justoniothesnake | And we hope when its all together we can make it a picture or/and a code? |  | 
Playdead Unofficial - ARG - solving [461275582970462209].txt	213141	sticker_597	So far there have been 70 stickers identified (not including the one from the iam8bit collector's edition video), if there are ≥597 stickers, as we are led to believe from the iam8bit video, it is quite odd that we have found none from the 479 to 596 range (besides the one in the video).	 | [9/11/2023 5:22 AM] justoniothesnake | I think characterAI can respond to certain questions by certain phrases if you add them while you are creating a character, could that work? |  |  | [10/12/2023 12:42 PM] randomisedtv | So far there have been 70 stickers identified (not including the one from the iam8bit collector's edition video), if there are ≥597 stickers, as we are led to believe from the iam8bit video, it is quite odd that we have found none from the 479 to 596 range (besides the one in the video). |  | If we assume there are 597 stickers, one for each number from 001 to 597, what is the probability that after finding 70 stickers, none of them will be in the 479 to 596 range?  |  | The probability that we find a sticker in the 001 to 478 range is 478/597 and so the probability that **all** 70 stickers are in this range is just (478/597)^70, which equates to 0.000017%. So it is extremely unlikely that all 70 of our stickers would lie in the 001 to 478 range. |  | So what does this mean? There are a few different conclusions we can draw from this data.
Playdead Unofficial - ARG - solving [461275582970462209].txt	213143	sticker_597	If we assume there are 597 stickers, one for each number from 001 to 597, what is the probability that after finding 70 stickers, none of them will be in the 479 to 596 range? 	I think characterAI can respond to certain questions by certain phrases if you add them while you are creating a character, could that work? |  |  | [10/12/2023 12:42 PM] randomisedtv | So far there have been 70 stickers identified (not including the one from the iam8bit collector's edition video), if there are ≥597 stickers, as we are led to believe from the iam8bit video, it is quite odd that we have found none from the 479 to 596 range (besides the one in the video). |  | If we assume there are 597 stickers, one for each number from 001 to 597, what is the probability that after finding 70 stickers, none of them will be in the 479 to 596 range?  |  | The probability that we find a sticker in the 001 to 478 range is 478/597 and so the probability that **all** 70 stickers are in this range is just (478/597)^70, which equates to 0.000017%. So it is extremely unlikely that all 70 of our stickers would lie in the 001 to 478 range. |  | So what does this mean? There are a few different conclusions we can draw from this data. |  | - The stickers in the boxes that were sold only go up to some smaller number, e.g. 500
Playdead Unofficial - ARG - solving [461275582970462209].txt	213145	sticker_597	The probability that we find a sticker in the 001 to 478 range is 478/597 and so the probability that **all** 70 stickers are in this range is just (478/597)^70, which equates to 0.000017%. So it is extremely unlikely that all 70 of our stickers would lie in the 001 to 478 range.	" | [10/12/2023 12:42 PM] randomisedtv | So far there have been 70 stickers identified (not including the one from the iam8bit collector's edition video), if there are ≥597 stickers, as we are led to believe from the iam8bit video, it is quite odd that we have found none from the 479 to 596 range (besides the one in the video). |  | If we assume there are 597 stickers, one for each number from 001 to 597, what is the probability that after finding 70 stickers, none of them will be in the 479 to 596 range?  |  | The probability that we find a sticker in the 001 to 478 range is 478/597 and so the probability that **all** 70 stickers are in this range is just (478/597)^70, which equates to 0.000017%. So it is extremely unlikely that all 70 of our stickers would lie in the 001 to 478 range. |  | So what does this mean? There are a few different conclusions we can draw from this data. |  | - The stickers in the boxes that were sold only go up to some smaller number, e.g. 500 |  | This would cause the discrepancy to make much more sense, although this does raise another question, why does the box shown in the iam8bit video show ""597""? Is there any particular significance to this number?"
Playdead Unofficial - ARG - solving [461275582970462209].txt	213151	sticker_597	"This would cause the discrepancy to make much more sense, although this does raise another question, why does the box shown in the iam8bit video show ""597""? Is there any particular significance to this number?"	"The probability that we find a sticker in the 001 to 478 range is 478/597 and so the probability that **all** 70 stickers are in this range is just (478/597)^70, which equates to 0.000017%. So it is extremely unlikely that all 70 of our stickers would lie in the 001 to 478 range. |  | So what does this mean? There are a few different conclusions we can draw from this data. |  | - The stickers in the boxes that were sold only go up to some smaller number, e.g. 500 |  | This would cause the discrepancy to make much more sense, although this does raise another question, why does the box shown in the iam8bit video show ""597""? Is there any particular significance to this number? |  | - Not every number in the range is represented, and the numbers that were chosen are biased heavily against numbers above 478 |  | This means that the numbers would have some kind of sequence or pattern to them, although I haven't yet been able to find any similarities between the numbers on the stickers that have been identified. |  | - Stickers above 478 are harder to find"
Playdead Unofficial - ARG - solving [461275582970462209].txt	213179	sticker_597	If the string of dashes, dots and slashes did repeat multiple times, then if there were 597 stickers total, that would mean that the string is either 3 or 199 characters long, it can't be 3 characters long because 37, 38, 39 are -, /, / so that wouldn't work since there are many dots in the sequence, and it can't be 199 characters long because 97 and 296 are different symbols when they should be the same symbol	 | [10/12/2023 2:41 PM] randomisedtv | I've thought about it a little more and considering the fact that the nine piece puzzle parts follow a sequence, A = 1, B = 2, etc. I think that it is unlikely that not all stickers in the range are represented, furthermore, I think it is also likely that the number of total stickers is a multiple of 9, so that each sticker in the sequence is represented an equal number of times |  |  | [10/12/2023 5:11 PM] randomisedtv | If the string of dashes, dots and slashes did repeat multiple times, then if there were 597 stickers total, that would mean that the string is either 3 or 199 characters long, it can't be 3 characters long because 37, 38, 39 are -, /, / so that wouldn't work since there are many dots in the sequence, and it can't be 199 characters long because 97 and 296 are different symbols when they should be the same symbol |  |  | [10/12/2023 7:18 PM] lime8159 | theres some work already been done on this idea, the going theory is that the string is 108 characters long, (shortest length with no inconsistencies) |  | 
Playdead Unofficial - ARG - solving [461275582970462209].txt	214561	image_audio	finding something in the game, rearranging strings to form an image, making squares from strings, getting Game of Life pattern, overlaying pixels, Braille, Morse code, disconnecting Switch controllers, Polybius cipher, overlaying strings onto poem, pressing a printer button on the website, finding something on Google, going to websites on terminal41, binary code, turning colors into binary, taking alpha channel of image, turning image of waveform into sound, isolating specific colors in image, overlaying images, reversing SHA-256 hashes, converting string into BMP, collecting stickers, putting together sticker backgrounds into an image	"{Reactions} | 😆 (8) |  | [2/10/2024 11:04 AM] darkmatter_11 | Interestingly, most of the puzzles so far have been much less technical actually. The only ""cipher"" was the Polybius cipher (turning 14-42-54-55 into a 5x5 square of letters), and the most technical puzzle was the :acorn42: BMP (because we had to fix the encoding from UTF-8 to ANSI, and replace space with NUL characters). I looked through the ARG and these are all the solved puzzle types and steps so far: |  | finding something in the game, rearranging strings to form an image, making squares from strings, getting Game of Life pattern, overlaying pixels, Braille, Morse code, disconnecting Switch controllers, Polybius cipher, overlaying strings onto poem, pressing a printer button on the website, finding something on Google, going to websites on terminal41, binary code, turning colors into binary, taking alpha channel of image, turning image of waveform into sound, isolating specific colors in image, overlaying images, reversing SHA-256 hashes, converting string into BMP, collecting stickers, putting together sticker backgrounds into an image |  | So don't be intimidated if we're talking about the Shlorpus coding, because the right answer might be much simpler! |  |  | [2/10/2024 11:09 AM] darkmatter_11 | Huffman coding is an interesting idea, I don't know if there's a ""standard"" Huffman tree for the letter frequencies in the English alphabet, but it's worth a try. This website gives such a tree by default: https://www.dcode.fr/huffman-tree-compression"
Playdead Unofficial - ARG - solving [461275582970462209].txt	216709	sticker_597,sticker_306	{002, /}, {003, -}, {020, /}, {021, -}, {032, /}, {037, -}, {038, /}, {039, /}, {047, /}, {053, -}, {059, /}, {065, /}, {066, /}, {072, -}, {092, •}, {095, •}, {097, •}, {118, -}, {123, /}, {125, /}, {126, -}, {132, -}, {154, /}, {156, /}, {164, /}, {171, /}, {178, -}, {179, -}, {182, -}, {183, -}, {184, /}, {187, /}, {193, •}, {194, /}, {206, •}, {221, /}, {223, /}, {231, /}, {242, -}, {245, /}, {247, -}, {248, /}, {252, /}, {258, /}, {263, /}, {267, -}, {282, /}, {296, /}, {306, •}, {312, /}, {317, /}, {324, /}, {328, -}, {333, /}, {334, -}, {336, -}, {338, -}, {339, /}, {343, -}, {347, -}, {354, /}, {362, /}, {364, /}, {366, /}, {375, -}, {384, /}, {393, /}, {402, /}, {405, /}, {413, •}, {436, -}, {444, -}, {449, /}, {450, -}, {469, -}, {470, /}, {475, /}, {476, -}, {478, /}, {597, -}	Wow this is awesome! Any chance that we have this in a text format with the raw .- and /? |  |  | [12/29/2025 10:30 PM] darkmatter_11 | Raw data of stickers (including the 3 newest, which are not yet on [github](https://github.com/twinysam/INSIDE-ARG/blob/master/stickers.md)): | ``` | {002, /}, {003, -}, {020, /}, {021, -}, {032, /}, {037, -}, {038, /}, {039, /}, {047, /}, {053, -}, {059, /}, {065, /}, {066, /}, {072, -}, {092, •}, {095, •}, {097, •}, {118, -}, {123, /}, {125, /}, {126, -}, {132, -}, {154, /}, {156, /}, {164, /}, {171, /}, {178, -}, {179, -}, {182, -}, {183, -}, {184, /}, {187, /}, {193, •}, {194, /}, {206, •}, {221, /}, {223, /}, {231, /}, {242, -}, {245, /}, {247, -}, {248, /}, {252, /}, {258, /}, {263, /}, {267, -}, {282, /}, {296, /}, {306, •}, {312, /}, {317, /}, {324, /}, {328, -}, {333, /}, {334, -}, {336, -}, {338, -}, {339, /}, {343, -}, {347, -}, {354, /}, {362, /}, {364, /}, {366, /}, {375, -}, {384, /}, {393, /}, {402, /}, {405, /}, {413, •}, {436, -}, {444, -}, {449, /}, {450, -}, {469, -}, {470, /}, {475, /}, {476, -}, {478, /}, {597, -} | ``` |  |  | [12/29/2025 10:30 PM] darkmatter_11 | Stickers mod 108 (space = unknown): | ```
Playdead Unofficial - ARG - solving [461275582970462209].txt	218378	image_audio	Probably gonna sound crazy, but I tried shining light over and under the cover, eventually got this as seen in the image, light on top, looking below. Could be its referencing iam8bit or a hidden puzzle inside of it? I also believe it can be nothing at all, but wanted to post just in case. Another reason for this idea was because of the sentry with flashlights, hinting us to shine from above	hope isnt high if they already opened it but fingers crossed |  |  | [4/14/2026 4:55 PM] raezores | Yeah haha. Anyways, I did some testing with the INSIDE special edition cover slip, there was only really 1 thing I could find in 1 location that I don’t think has been mentioned yet. And double checked with the double pack version of INSIDE + LIMBO where INSIDE has the letters on close to same spot, but no bleed through. |  | Probably gonna sound crazy, but I tried shining light over and under the cover, eventually got this as seen in the image, light on top, looking below. Could be its referencing iam8bit or a hidden puzzle inside of it? I also believe it can be nothing at all, but wanted to post just in case. Another reason for this idea was because of the sentry with flashlights, hinting us to shine from above |  | {Attachments} | assets\IMG_9247-614c9b1751f9386b.jpg |  | {Reactions} | microfiche (3) sentry
Playdead Unofficial - ARG - solving [461275582970462209].txt	219825	supersecret	" allowing @ghaith  to discover one file saved in a folder called ""supersecret"" . That file can be found here:"	"[4/28/2026 1:30 AM] bigdusty. | recap  |  | 3/27/26 @probablynotbread provided us with context names for every INSIDE audio files (please point me to the thread if there is one) | https://drive.google.com/drive/folders/1mitP9wjW0HS1vSUWig5vO2fZlMyd1ie9 |  |  allowing @ghaith  to discover one file saved in a folder called ""supersecret"" . That file can be found here: |  | https://discord.com/channels/460626942190813184/463106924708233216/1487063710500393062 |  | @DarkMatter  found that by taking the data from the waveform (as a long list of numbers between -1 and 1) you could convert them to RGB values. Giving him a glorious image of Playdeads upcoming game.  | https://discord.com/channels/460626942190813184/463106924708233216/1487129873074880613 | "
Playdead Unofficial - ARG - solving [461275582970462209].txt	219829	image_audio	@DarkMatter  found that by taking the data from the waveform (as a long list of numbers between -1 and 1) you could convert them to RGB values. Giving him a glorious image of Playdeads upcoming game. 	"https://drive.google.com/drive/folders/1mitP9wjW0HS1vSUWig5vO2fZlMyd1ie9 |  |  allowing @ghaith  to discover one file saved in a folder called ""supersecret"" . That file can be found here: |  | https://discord.com/channels/460626942190813184/463106924708233216/1487063710500393062 |  | @DarkMatter  found that by taking the data from the waveform (as a long list of numbers between -1 and 1) you could convert them to RGB values. Giving him a glorious image of Playdeads upcoming game.  | https://discord.com/channels/460626942190813184/463106924708233216/1487129873074880613 |  | Amazingly this file has been here since the launch of the game and @garden6 even mentioned the audio file 6 years ago https://discord.com/channels/460626942190813184/460626942190813186/725546152883126293 |  | @Twinysam I think you should rewrite this however you see fit and add it to the TLDR before it gets burried. You could probably wait on the image file found today if we think it is unfinished but this one totally deserves a TLDR imo. | "
Playdead Unofficial - ARG - solving [461275582970462209].txt	220939	sticker_597	Judging by the fact that we have sticker 597 and mod 108, there should be 648 collections	 | [5/12/2026 12:14 AM] kappa_neuro | So how many collectible copies were there in the end? How many stickers could there be? |  |  | [5/12/2026 12:30 AM] kappa_neuro | Judging by the fact that we have sticker 597 and mod 108, there should be 648 collections |  |  | [5/12/2026 2:29 AM] kappa_neuro | Added 4 prediction tabs to the variant generator tool |  | Pred Z - the main prediction. 
Playdead Unofficial - ARG - solving [461275582970462209].txt	223131	image_audio	Tested and negative: image at any width, hidden archive or deflate stream at every offset and bit shift, audio, repeating-key XOR, substitution. The noise isn't even stationary, so it's not real cipher output either	- Start and end were decoded as UTF-8, so 30% of those bytes are gone for good | - The 1.25 MB middle was ANSI to UTF-8 and converts back with zero loss | - Everything readable is already known: the gvylmveqwr... line, [REDACT], slash triangles, breach_contribution_reg, fsd5t355gf, GATE/81, and the 42x42 BMP | - The BMP is the only image. Its red strip is 14px fading to black, not 10 | - The noise has two copy-pasted chunks (985 bytes and 30 bytes), nothing encoded in them |  | Tested and negative: image at any width, hidden archive or deflate stream at every offset and bit shift, audio, repeating-key XOR, substitution. The noise isn't even stationary, so it's not real cipher output either |  | Nothing else comes out of this file | Only a byte-exact original of the start and end sections could add anything |  | {Attachments} | assets\image-70f6f598329b4e44.png
Playdead Unofficial - ARG - solving-breakout [463106924708233216].txt	4352	morse_terminal	the morse terminal	https://en.wikipedia.org//wiki/Trifid_cipher | Trifid cipher | The trifid cipher is a classical cipher invented by Félix Delastelle and described in 1902. Extending the principles of Delastelle's earlier bifid cipher, it combines the techniques of fractionation and transposition to achieve a certain amount of confusion and diffusion: each letter of the ciphertext depends on three letters of the plaintext an... |  |  | [1/5/2023 11:06 AM] polariz1 | the morse terminal |  | {Attachments} | assets\morse_terminal-bbf3106a8dd39761.png |  | {Reactions} | 🤌 (5)
Playdead Unofficial - ARG - solving-breakout [463106924708233216].txt	9043	morse_terminal	Hmm, yeah I think it might still be worth checking for other light rates to see if any of them help the puzzle in some way, like giving us more info. I really like your idea of mapping the 3 broken device lights to the 3 lights on the morse terminal, to potentially form an RGB image. Since otherwise, I'm not really sure what other direction we can take with the morse terminal, unless there's some other ideas we can go for.	 | [11/13/2023 11:02 PM] bigdusty. | Good catch. |  |  | [11/13/2023 11:46 PM] grky_ | Hmm, yeah I think it might still be worth checking for other light rates to see if any of them help the puzzle in some way, like giving us more info. I really like your idea of mapping the 3 broken device lights to the 3 lights on the morse terminal, to potentially form an RGB image. Since otherwise, I'm not really sure what other direction we can take with the morse terminal, unless there's some other ideas we can go for. |  |  | [11/14/2023 11:28 AM] bigdusty. | I’m running out of ideas 😂 |  | 
Playdead Unofficial - ARG - solving-breakout [463106924708233216].txt	9051	morse_terminal	this script is the only secret script so far that try to change RGB color. this might have something to do with morse terminal.	 | [11/14/2023 11:28 AM] bigdusty. | I’m running out of ideas 😂 |  |  | [11/18/2023 9:59 AM] polariz1 | this script is the only secret script so far that try to change RGB color. this might have something to do with morse terminal. |  | {Attachments} | assets\SecretProbeFlicker-dd9ddb5551564dfc.txt |  |  | [11/18/2023 1:55 PM] bigdusty.
Playdead Unofficial - ARG - solving-breakout [463106924708233216].txt	9054	secret_probe_flicker	assets\SecretProbeFlicker-dd9ddb5551564dfc.txt	 |  | [11/18/2023 9:59 AM] polariz1 | this script is the only secret script so far that try to change RGB color. this might have something to do with morse terminal. |  | {Attachments} | assets\SecretProbeFlicker-dd9ddb5551564dfc.txt |  |  | [11/18/2023 1:55 PM] bigdusty. | Awesome thanks Polariz! |  | {Reactions}
Playdead Unofficial - ARG - solving-breakout [463106924708233216].txt	9944	input_22	Something else to keep in mind potentially is that the stream image also has a segment that's 22 characters long, referencing the unsolved input 22: https://discord.com/channels/460626942190813184/461275582970462209/1175542692575461396	{Reactions} | 👍 ❤️ 🧠 |  | [12/20/2025 4:44 PM] grky_ | Interesting, I don't think anyone mentioned the AnSet -> Anthony Setrinamairé reference in this server before. Unfortunately I haven't experimented with that specific corruption, but something that I found before is that changing the chroma values in the Terminal41 emergency comms transmission [DATA STREAM] image results in some hidden data being revealed: https://discord.com/channels/460626942190813184/463106924708233216/1170080981223489647 Since you have the AnSet reference here, that might mean that it's related to the stream, as it's tied to Anthony T. Setrinamairé youtube channel name. Part of that image is also corrupted. |  | Something else to keep in mind potentially is that the stream image also has a segment that's 22 characters long, referencing the unsolved input 22: https://discord.com/channels/460626942190813184/461275582970462209/1175542692575461396 |  | Hopefully that can help. |  |  | [12/20/2025 4:58 PM] eropkol | I'm afraid image from stream that we can get lost too many data from youtube/google compression and already tried that before with no success. It looks like it was not actual jpeg corruption, but rather manual editing of individual channels, which would be able to reverve if not said compression. I think it may be connected to saf_dat_col, as it is shutdown safety data collection (as in printrequstatus_SD), it may be partially encoded last image sent by terminal41 lorewise.
Playdead Unofficial - ARG - solving-breakout [463106924708233216].txt	10209	secret_probe_flicker,input_22,morse_terminal	The main thing that bothers me with the unsolved input 22 is that it sounds like we specifically might need to input that somewhere. Since we don't have the printer anymore or the terminal website active, the only thing that comes to mind for me is the morse terminal. There is a Secret ProbeFlicker script that was found in the game's code that suggests that there could be some secret flickering light sequences that haven't been found properly yet.	 | [12/23/2025 1:13 AM] blocksshaded | its crazy they didnt just put system00 or something its a whole guy |  |  | [12/23/2025 4:24 AM] grky_ | The main thing that bothers me with the unsolved input 22 is that it sounds like we specifically might need to input that somewhere. Since we don't have the printer anymore or the terminal website active, the only thing that comes to mind for me is the morse terminal. There is a Secret ProbeFlicker script that was found in the game's code that suggests that there could be some secret flickering light sequences that haven't been found properly yet. |  | That could be related to the morse terminal for example, but still we're not sure if some of that was cut content or not. |  |  | [12/23/2025 5:36 AM] nuggets4321 | Maybe we need to input that into the stream chat?
Playdead Unofficial - ARG - solving-breakout [463106924708233216].txt	10211	morse_terminal	That could be related to the morse terminal for example, but still we're not sure if some of that was cut content or not.	its crazy they didnt just put system00 or something its a whole guy |  |  | [12/23/2025 4:24 AM] grky_ | The main thing that bothers me with the unsolved input 22 is that it sounds like we specifically might need to input that somewhere. Since we don't have the printer anymore or the terminal website active, the only thing that comes to mind for me is the morse terminal. There is a Secret ProbeFlicker script that was found in the game's code that suggests that there could be some secret flickering light sequences that haven't been found properly yet. |  | That could be related to the morse terminal for example, but still we're not sure if some of that was cut content or not. |  |  | [12/23/2025 5:36 AM] nuggets4321 | Maybe we need to input that into the stream chat? |  | 
Playdead Unofficial - ARG - solving-breakout [463106924708233216].txt	10841	supersecret	"one of the files is under a folder called ""supersecret"""	" | [3/27/2026 9:19 AM] ghaith2025 | I think this might be something, thx to @/probablynotbread now we have INSIDE's audio files with their context name. |  |  | [3/27/2026 9:19 AM] ghaith2025 | one of the files is under a folder called ""supersecret"" |  |  | [3/27/2026 9:20 AM] ghaith2025 | ***KINDA LOUD*** |  | {Attachments}"
Playdead Unofficial - ARG - solving-breakout [463106924708233216].txt	10848	game2_6585	assets\image_Game26585_681347534-0ccc807a7c7b0a55.wav	" |  | [3/27/2026 9:20 AM] ghaith2025 | ***KINDA LOUD*** |  | {Attachments} | assets\image_Game26585_681347534-0ccc807a7c7b0a55.wav |  |  | [3/27/2026 9:20 AM] ghaith2025 | as you can see it's named ""image"" |  | "
Playdead Unofficial - ARG - solving-breakout [463106924708233216].txt	10856	image_audio	maybe I'm wrong but I think if this audio file put in some kinda viewer can reveal some sort of image?	" | [3/27/2026 9:20 AM] ghaith2025 | as you can see it's named ""image"" |  |  | [3/27/2026 9:21 AM] ghaith2025 | maybe I'm wrong but I think if this audio file put in some kinda viewer can reveal some sort of image? |  |  | [3/27/2026 9:22 AM] aperson1 | that does not sound like it would reveal an image, probably. |  | "
Playdead Unofficial - ARG - solving-breakout [463106924708233216].txt	10860	image_audio	that does not sound like it would reveal an image, probably.	 | [3/27/2026 9:21 AM] ghaith2025 | maybe I'm wrong but I think if this audio file put in some kinda viewer can reveal some sort of image? |  |  | [3/27/2026 9:22 AM] aperson1 | that does not sound like it would reveal an image, probably. |  |  | [3/27/2026 9:22 AM] ghaith2025 | The reason I think this cause of how files named and the sound of it. |  | 
Playdead Unofficial - ARG - solving-breakout [463106924708233216].txt	10887	supersecret,image_audio	"I mean it has to be something, a weird audio file named ""image"" inside a folder named ""superSecret"" 😅"	" | [3/27/2026 9:48 AM] lime8159 | definitely looks interesting |  |  | [3/27/2026 9:51 AM] ghaith2025 | I mean it has to be something, a weird audio file named ""image"" inside a folder named ""superSecret"" 😅 |  | {Attachments} | assets\image-b9b9eef654c5e288.png |  |  | [3/27/2026 9:53 AM] lime8159"
Playdead Unofficial - ARG - solving-breakout [463106924708233216].txt	10941	image_audio	Oooh, I think the waveform definitely looks like an image data. These triplets could correspond to the R G B values of the rows in a 710x376 size image (if I didn't miscount)	 | [3/27/2026 10:51 AM] lime8159 | yh, think it's just coincidence, but will keep looking |  |  | [3/27/2026 1:23 PM] darkmatter_11 | Oooh, I think the waveform definitely looks like an image data. These triplets could correspond to the R G B values of the rows in a 710x376 size image (if I didn't miscount) |  | {Attachments} | assets\image-4ba79417d49b3b72.png |  | {Reactions} | ❤️ (5)
Playdead Unofficial - ARG - solving-breakout [463106924708233216].txt	10971	image_audio	Here's how I got this: just took the data from the waveform (as a long list of numbers between -1 and 1), and made an RGB image out of it with a quick script in Mathematica	 | [3/27/2026 1:54 PM] lime8159 | they rly love hiding bitmaps in random things lol |  |  | [3/27/2026 1:55 PM] darkmatter_11 | Here's how I got this: just took the data from the waveform (as a long list of numbers between -1 and 1), and made an RGB image out of it with a quick script in Mathematica |  | {Attachments} | assets\image-f279f38d014e4674.png |  | {Reactions} | boy_dab (8)
Playdead Unofficial - ARG - solving-breakout [463106924708233216].txt	11044	image_audio	I think there is another file similar to this let me find it. maybe another image?? 👀 let me go through the 6000+ audio files again and find it 😅	Yo @Pitch Bright @Twinysam check this out |  | {Reactions} | 👍 😮 |  | [3/27/2026 2:37 PM] ghaith2025 | I think there is another file similar to this let me find it. maybe another image?? 👀 let me go through the 6000+ audio files again and find it 😅 |  |  | [3/27/2026 2:38 PM] ha5.x | how do you even find these folders? is it somewhere beyond steam game folder? |  | 
Playdead Unofficial - ARG - solving-breakout [463106924708233216].txt	11196	image_audio	@/garden6 mentioned the image.wav file a while back but never posted it	 | [3/27/2026 3:33 PM] hidefiance | this is amazing work truly but i can’t help but feel a lil sad that we’re still seeing game 3 only in concept art a whole 10 years after inside |  |  | [3/27/2026 3:45 PM] probablynotbeard | @/garden6 mentioned the image.wav file a while back but never posted it |  | {Attachments} | assets\image-cbd2314e71add6a3.png |  | {Reactions} | 😮 (2) 🤔
Playdead Unofficial - ARG - solving-breakout [463106924708233216].txt	11237	supersecret	That's the only file in the superSecret folder tho	 | [3/27/2026 3:54 PM] roger_peterson | Than this |  |  | [3/27/2026 3:55 PM] santiface | That's the only file in the superSecret folder tho |  |  | [3/27/2026 3:58 PM] roger_peterson | In other folders |  | 
Playdead Unofficial - ARG - solving-breakout [463106924708233216].txt	11320	supersecret,game2_6585,image_audio	File: C:\Garbage\Inside Audio Files\andreas\superSecret\image (Game2#6585 (681347534)).wav | Mean: 0.0962 | Avg Abs Amp: 0.3694 | Samples: 688080 (this is the one we already know)	Files exhibiting potential image-data characteristics: | File: C:\Garbage\Inside Audio Files\concert hall double decay_dc (Game2#8255 (1071983592)).wav | Mean: 0.0009 | Avg Abs Amp: 0.3376 | Samples: 171912 | File: C:\Garbage\Inside Audio Files\concert hall preset decay_dc (Game2#6493 (664791960)).wav | Mean: 0.0028 | Avg Abs Amp: 0.4780 | Samples: 92664 | File: C:\Garbage\Inside Audio Files\middle hall 1 half decay_dc (Game2#3667 (266152100)).wav | Mean: 0.0019 | Avg Abs Amp: 0.4470 | Samples: 52068 | File: C:\Garbage\Inside Audio Files\middle hall 1 preset decay_dc (Game2#2230 (137020827)).wav | Mean: 0.0006 | Avg Abs Amp: 0.4390 | Samples: 65904 | File: C:\Garbage\Inside Audio Files\small room 1 double decay_dc (Game2#6177 (606956032)).wav | Mean: 0.0010 | Avg Abs Amp: 0.4587 | Samples: 49728 | File: C:\Garbage\Inside Audio Files\andreas\superSecret\image (Game2#6585 (681347534)).wav | Mean: 0.0962 | Avg Abs Amp: 0.3694 | Samples: 688080 (this is the one we already know) |  |  | [3/27/2026 4:52 PM] santiface | Can anyone check these? |  | 
Playdead Unofficial - ARG - solving-breakout [463106924708233216].txt	11366	image_audio	I just want to mention and ask even though I don’t know how this stuff works, but could it be possible the CE stickers is like a puzzle related to sound like this? Something that creates some sound stuff like we saw above, that again can be translated into an image or something? Because in that image it looks like some kinda pattern repeated with the same code. Just wanted to suggest it:limbro_drink: :1eu812jh2:	 | [3/27/2026 6:53 PM] lime8159 | sounds like an eas alert lol |  |  | [3/27/2026 7:49 PM] raezores | I just want to mention and ask even though I don’t know how this stuff works, but could it be possible the CE stickers is like a puzzle related to sound like this? Something that creates some sound stuff like we saw above, that again can be translated into an image or something? Because in that image it looks like some kinda pattern repeated with the same code. Just wanted to suggest it:limbro_drink: :1eu812jh2: |  |  | [3/27/2026 7:57 PM] aperson1 | unfortunately not, there is not nearly enough data |  | 
Playdead Unofficial - ARG - solving-breakout [463106924708233216].txt	11414	supersecret	So this was just hidden in the game files? Was there supposed to be a way to find it or is it more likely they knew we would snoop through the files. I suppose a name like SuperSecret leans more towards the ladder.	but i cant think further that that |  |  | [3/30/2026 12:28 AM] bigdusty. | I’m still excited from that solve @DarkMatter  🕺🏻  |  | So this was just hidden in the game files? Was there supposed to be a way to find it or is it more likely they knew we would snoop through the files. I suppose a name like SuperSecret leans more towards the ladder. |  |  | [3/31/2026 10:34 AM] ghaith2025 | I can confirm that the audio image is launched with the game day 1, this is PS4 files it was complied even before the release day: |  | 
Playdead Unofficial - ARG - solving-breakout [463106924708233216].txt	11418	image_audio	I can confirm that the audio image is launched with the game day 1, this is PS4 files it was complied even before the release day:	I’m still excited from that solve @DarkMatter  🕺🏻  |  | So this was just hidden in the game files? Was there supposed to be a way to find it or is it more likely they knew we would snoop through the files. I suppose a name like SuperSecret leans more towards the ladder. |  |  | [3/31/2026 10:34 AM] ghaith2025 | I can confirm that the audio image is launched with the game day 1, this is PS4 files it was complied even before the release day: |  |  | [3/31/2026 10:35 AM] ghaith2025 |  |  | {Attachments}
Playdead Unofficial - ARG - solving-breakout [463106924708233216].txt	11570	sticker_306	assets\2026-04-09_11-35-10-d0cfd93cf4b6d306.mp4	 |  | [4/9/2026 6:35 AM] ghaith2025 |  |  | {Attachments} | assets\2026-04-09_11-35-10-d0cfd93cf4b6d306.mp4 |  |  | [4/9/2026 6:36 AM] ghaith2025 | can this actually be something? or it's random blinking |  | 
Playdead Unofficial - ARG - solving-breakout [463106924708233216].txt	11966	sticker_597	600 seems wrong. The only copy that was 597 seems to have been a promo copy given to a company. It's very odd that they're pretty packed from 1-500 and then 597. So I think it is actually only 500 with staff and promos getting 501-600	 | [9/22/2026 1:55 AM] megarooni980 | Hey I just came from Oddheadeds video, I was super curious about the unsolved cypher on the window titled “3 Rorschach Design Noah x200564”. Has this been solved? I had some ideas as someone who knows the Rorschach test somewhat well |  |  | [9/22/2026 1:55 AM] banzu | 600 seems wrong. The only copy that was 597 seems to have been a promo copy given to a company. It's very odd that they're pretty packed from 1-500 and then 597. So I think it is actually only 500 with staff and promos getting 501-600 |  |  | [9/22/2026 1:56 AM] banzu | or possibly 540 if there were 5 full cycles |  | 
Playdead Unofficial - ARG - solving-breakout [463106924708233216].txt	12140	supersecret	4. All PostEvent strings matching Secret|Wrist|SuperSecret|Birth|Elevator.	 | [9/22/2026 4:51 AM] truest18k | Need object dump, not theory. | 1. Hierarchy path of WristSecret on the boy. | 2. Components + material names on that child. | 3. Serialized target of WristSecretTrigger_TOP (GUID / object name). | 4. All PostEvent strings matching Secret|Wrist|SuperSecret|Birth|Elevator. | 5. 30-second log of WristSecret.instance.isActive while pulling orb 14. |  | Are there any sources already for the paths/file structuring/ etc? |  |  | [9/22/2026 4:52 AM] eropkol
Playdead Unofficial - ARG - solving-breakout [463106924708233216].txt	12294	sticker_597	According to the github the highest numbered sticker we've found is 597. Which is already more than 5 repetitions. I think it makes more sense if there are 6 full repetitions of the morse code, meaning 648 collectors edition copies	 | [9/22/2026 10:04 AM] m6lg6 | what r u suggesting Ash? |  |  | [9/22/2026 10:05 AM] ashenpoet | According to the github the highest numbered sticker we've found is 597. Which is already more than 5 repetitions. I think it makes more sense if there are 6 full repetitions of the morse code, meaning 648 collectors edition copies |  |  | [9/22/2026 10:06 AM] ashenpoet | The only reason this matters at all is because I'm planning to try and use the redundancy to build as close to a complete string of the morse code as I can. Maybe we can brute force the missing characters after |  | 
Playdead Unofficial - General - inside [461275526716194818].txt	3662	sticker_597	[7/3/2018 3:51 PM] gdfg0597	 |  | [7/3/2018 3:50 PM] charrcorncob | Joined the server. |  |  | [7/3/2018 3:51 PM] gdfg0597 | Joined the server. |  |  | [7/3/2018 4:01 PM] septa_ | Joined the server. | 
Playdead Unofficial - General - inside [461275526716194818].txt	15179	image_audio	someone tweet playdead if we can get a hi res image of the new teaser without the sound wave haha	 | [4/13/2019 11:47 PM] eeeeeeeeeeeeeeeeeeeeeeeeeeee2199 | I like this server |  |  | [4/13/2019 11:47 PM] avangelista | someone tweet playdead if we can get a hi res image of the new teaser without the sound wave haha |  |  | [4/13/2019 11:48 PM] thescentofpaper | ^ |  | 
Playdead Unofficial - General - inside [461275526716194818].txt	28023	sticker_306	https://cdn.discordapp.com/attachments/461275526716194818/580242930846007306/image0.jpg?ex=6abb3757&is=6ab9e5d7&hm=ace4c39b97dfe6f86deaba3338175818e53389620d3c2c1ed377b462d8b6b03b&	 |  | [5/21/2019 12:58 AM] faris639 | Cell tower, bois. |  | {Attachments} | https://cdn.discordapp.com/attachments/461275526716194818/580242930846007306/image0.jpg?ex=6abb3757&is=6ab9e5d7&hm=ace4c39b97dfe6f86deaba3338175818e53389620d3c2c1ed377b462d8b6b03b& |  |  | [5/21/2019 1:23 AM] faris639 |  |  | {Attachments}
Playdead Unofficial - General - inside [461275526716194818].txt	32276	sticker_597	https://cdn.discordapp.com/attachments/461275526716194818/590027134387355651/image0.png?ex=6abb3717&is=6ab9e597&hm=22e80d6323df0cfa8f226bc954b5ba554a111bb434fc03eec4890c20ad041b8f&	 |  | [6/17/2019 12:57 AM] goofyg |  |  | {Attachments} | https://cdn.discordapp.com/attachments/461275526716194818/590027134387355651/image0.png?ex=6abb3717&is=6ab9e597&hm=22e80d6323df0cfa8f226bc954b5ba554a111bb434fc03eec4890c20ad041b8f& |  |  | [6/17/2019 12:57 AM] goofyg | Lol |  | 
Playdead Unofficial - General - inside [461275526716194818].txt	32944	supersecret	And each percentage past 100% comes from one of those super secret eggs	 | [6/23/2019 12:24 AM] Deleted User | Iirc, Limbo on Xbox has a completion percentage that goes up to 111% |  |  | [6/23/2019 12:28 AM] Deleted User | And each percentage past 100% comes from one of those super secret eggs |  |  | [6/23/2019 12:29 AM] Deleted User | I remember reading that Playdead was disappointed at how quickly people found every last secret that they thought they hid so well |  | 
Playdead Unofficial - General - inside [461275526716194818].txt	42942	sticker_306	[1/14/2020 10:25 PM] crewdog971306	 |  | [1/14/2020 10:10 PM] numinex | Joined the server. |  |  | [1/14/2020 10:25 PM] crewdog971306 | Joined the server. |  |  | [1/14/2020 11:01 PM] Deleted User | Ay welcome | 
Playdead Unofficial - General - inside [461275526716194818].txt	48984	image_audio	You guys had to manipulate all those morse codes, images, sound image to just get these links for the terminal42 logs/reports. It's really sad the count down was too fast. Although contributors page is just amazing. You guys deserve it. Well done 👏. Hat's off!	[2/19/2020 2:26 PM] goofyg | @aperson1 regarding something you said about the uncaring nature of the people in INSIDE. While it’s quite plausible that most of the people in INSIDE’s story may be influenced by mind control, it’s even scarier to think that regular people would participate in such a project under their own freewill. |  |  | [2/19/2020 4:13 PM] biscy. | I have read the whole tldr channel and *and* this is just insanity. Jesus Christ! | You guys had to manipulate all those morse codes, images, sound image to just get these links for the terminal42 logs/reports. It's really sad the count down was too fast. Although contributors page is just amazing. You guys deserve it. Well done 👏. Hat's off! |  | {Reactions} | acorn ❤️ boy_dab |  | [2/19/2020 4:29 PM] athelas. | I know! Aren't they amazing? I love re-reading it once in a while.
Playdead Unofficial - General - inside [461275526716194818].txt	49761	sticker_306	https://cdn.discordapp.com/attachments/461275526716194818/682016330592813116/unknown-17.png?ex=6abb01b4&is=6ab9b034&hm=e9d7cba59b66fffd92f0d46ba4f45b82853a5b46d08f484f795f46b9efcde306&	 |  | [2/25/2020 9:09 PM] goofyg |  |  | {Attachments} | https://cdn.discordapp.com/attachments/461275526716194818/682016330592813116/unknown-17.png?ex=6abb01b4&is=6ab9b034&hm=e9d7cba59b66fffd92f0d46ba4f45b82853a5b46d08f484f795f46b9efcde306& |  |  | [2/25/2020 9:26 PM] themothersviktor | https://cdn.discordapp.com/attachments/460856082865061889/680970779697086485/unknown.png |  | {Embed}
Playdead Unofficial - General - inside [461275526716194818].txt	83226	sticker_306	https://cdn.discordapp.com/attachments/461275526716194818/747219381045559306/6.png?ex=6abae8c7&is=6ab99747&hm=acd26a193eebab40acf8797590534644c828061f525051836fe97fb4e715a2e0&	 |  | [8/23/2020 7:23 PM] clueless8697 | Sorry, more still... there is more (or something) in these lights. I don't know how to record, but maybe someone else can |  | {Attachments} | https://cdn.discordapp.com/attachments/461275526716194818/747219381045559306/6.png?ex=6abae8c7&is=6ab99747&hm=acd26a193eebab40acf8797590534644c828061f525051836fe97fb4e715a2e0& |  |  | [8/23/2020 7:35 PM] aperson1 | @Clueless in regards to any and all flickering stuff |  | 
Playdead Unofficial - General - inside [461275526716194818].txt	89077	sticker_306	https://cdn.discordapp.com/attachments/461275526716194818/760611386828128306/tf.PNG?ex=6abad98e&is=6ab9880e&hm=b219cf7ef6b87d00c77f2d6367e49ef5cbb0fa471a6ccf6854c053d5bfc6f17d&	 |  | [9/29/2020 6:18 PM] ghaith2025 |  |  | {Attachments} | https://cdn.discordapp.com/attachments/461275526716194818/760611386828128306/tf.PNG?ex=6abad98e&is=6ab9880e&hm=b219cf7ef6b87d00c77f2d6367e49ef5cbb0fa471a6ccf6854c053d5bfc6f17d& |  |  | [9/29/2020 6:18 PM] ghaith2025 | tf is this |  | 
Playdead Unofficial - General - inside [461275526716194818].txt	92618	sticker_306	https://cdn.discordapp.com/attachments/461275526716194818/764945375512887306/FACE3.PNG?ex=6abacbe5&is=6ab97a65&hm=86885bf7d5fa73dfaad0190a6157565a6debdc0cc365b9086f4da58155e611c0&	 |  | [10/11/2020 5:19 PM] ghaith2025 |  |  | {Attachments} | https://cdn.discordapp.com/attachments/461275526716194818/764945375512887306/FACE3.PNG?ex=6abacbe5&is=6ab97a65&hm=86885bf7d5fa73dfaad0190a6157565a6debdc0cc365b9086f4da58155e611c0& |  |  | [10/11/2020 5:21 PM] thescentofpaper | Interesting |  | 
Playdead Unofficial - General - inside [461275526716194818].txt	118688	sticker_597	The highest sticker we know of is 597 from iam8bit, the highest number by FAR, I don't think we have any others over 500. Correct me if I'm wrong 🤔 So it could very likely be that theres 600 or less in existance, or 1000-999 or something. My beliefs are a max of 1000, but probably more realistic 600 or something in my opinion	 | [3/23/2021 4:07 PM] babylonian | them collabbing with realdoll and not explaining what they were doing AND selling it at a high price was so intriguiging |  |  | [3/23/2021 4:07 PM] raezores | The highest sticker we know of is 597 from iam8bit, the highest number by FAR, I don't think we have any others over 500. Correct me if I'm wrong 🤔 So it could very likely be that theres 600 or less in existance, or 1000-999 or something. My beliefs are a max of 1000, but probably more realistic 600 or something in my opinion |  |  | [3/23/2021 4:07 PM] babylonian | plus the huddle wrapping paper on the preorder page |  | 
Playdead Unofficial - General - inside [461275526716194818].txt	131918	supersecret	Some bonus stuff for SOMA. Mostly from _supersecret.rar archive. Parole: 19PzQ8arc11rkdv	https://www.youtube.com/watch?v=TjLLpxQTwKU |  | {Embed} | Kino Konformist | https://www.youtube.com/watch?v=TjLLpxQTwKU | SOMA - Vertical Slice (March 2013) [Developers Beta Playthrough] | Some bonus stuff for SOMA. Mostly from _supersecret.rar archive. Parole: 19PzQ8arc11rkdv |  | If you really like this video, just push the thumbs up button. Also you can subscribe on channel, if you want more. It's not a joke. http://bit.ly/1AVWwx5 |  | SOMA is a sci-fi horror game from Frictional Games, the creators of Amnesia: The Dark Descent. It is ... | https://images-ext-1.discordapp.net/external/WBew_LhZ9iVP6CLhDHJxbtojH7HvGrILt4JBoeuMvnY/https/i.ytimg.com/vi/TjLLpxQTwKU/sddefault.jpg | 
Playdead Unofficial - General - inside [461275526716194818].txt	134498	sticker_597	Highest sticker we have is 475 from a normal consumer, iam8bit 597	 | [8/17/2021 8:49 PM] raezores | I don't think it's likely that it will be sold out in 3 weeks, but you could email them and have them reserve one or ask how many are left? I would be surprised if they got sold out, but I mean, the time probably will come one day and it will be unexpected since we have no clue how many they have 🤔 |  |  | [8/17/2021 8:49 PM] raezores | Highest sticker we have is 475 from a normal consumer, iam8bit 597 |  |  | [8/17/2021 8:50 PM] red_eyes | yeah ik that's why i'm acting fast |  | 
Playdead Unofficial - General - inside [461275526716194818].txt	141483	sticker_306	https://cdn.discordapp.com/attachments/461275526716194818/934170918178160681/00520710-122B-4306-A47F-8F2990D57546.png?ex=6abb6bb6&is=6aba1a36&hm=e8b11979ff83fa0128ddda9da30898738a8c592523d0a4798638aa65eaa5dc5c&	 |  | [1/21/2022 4:41 PM] blibblab222 |  |  | {Attachments} | https://cdn.discordapp.com/attachments/461275526716194818/934170918178160681/00520710-122B-4306-A47F-8F2990D57546.png?ex=6abb6bb6&is=6aba1a36&hm=e8b11979ff83fa0128ddda9da30898738a8c592523d0a4798638aa65eaa5dc5c& |  |  | [1/23/2022 6:03 PM] ghaith2025 | It's been a while since I did a cheat/hack for INSIDE and thats because for some reason I wasn't enjoying doing it in the last few months,  when I edit the game files I felt so stressed cuz Im afraid that my edit will crash the game or it doesn't work the way I intended to do it, but now I feel better with more energy and clear mind and I hope I will bring new stuff for the community soon ❤️ |  | {Reactions}
Playdead Unofficial - General - inside [461275526716194818].txt	143322	supersecret	Nah bro I got a super secret ending where he doesn't enter at all. Just turn the game off	 | [3/15/2022 5:19 AM] blibblab222 | left side supremacy |  |  | [3/15/2022 5:45 AM] whogotshocked | Nah bro I got a super secret ending where he doesn't enter at all. Just turn the game off |  |  | [3/15/2022 1:59 PM] kynicnews | imagine being a huddle enterer |  | 
Playdead Unofficial - General - inside [461275526716194818].txt	149695	sticker_597	They are harder to find because they first started to be received in around december 2019, kickstarting the ARG over here. Then several of us pitched in and searched for owners of the collector's edition, and we have gotten 70 confirmed sticker images. 33 lost stickers and 21 unknown stickers. So a total of 124 owners found if I got that count right. There's estimated to be 500 or 600 collector's editions because iam8bit has number 597, the highest number, no one else has 500 or above. And finding new owners is incredibly hard as not even close to all of the owners post it for various reasons I guess. I and several others have been searching high and low over all kinds of social media and internet with all possibilities of keywords etc to yield results... Ebay had some for sale for example, but are now sold, or just the same ones... Also the collector's edition is expensive, 400$ with shipping, maybe up to 500$ including taxes and customs depending on where you live	 | [9/13/2022 3:48 PM] justoniothesnake | Am i rambling too much |  |  | [9/13/2022 3:48 PM] raezores | They are harder to find because they first started to be received in around december 2019, kickstarting the ARG over here. Then several of us pitched in and searched for owners of the collector's edition, and we have gotten 70 confirmed sticker images. 33 lost stickers and 21 unknown stickers. So a total of 124 owners found if I got that count right. There's estimated to be 500 or 600 collector's editions because iam8bit has number 597, the highest number, no one else has 500 or above. And finding new owners is incredibly hard as not even close to all of the owners post it for various reasons I guess. I and several others have been searching high and low over all kinds of social media and internet with all possibilities of keywords etc to yield results... Ebay had some for sale for example, but are now sold, or just the same ones... Also the collector's edition is expensive, 400$ with shipping, maybe up to 500$ including taxes and customs depending on where you live |  |  | [9/13/2022 3:49 PM] raezores | It's just fewer people getting the collector's edition now than when it was hype, after all it's soon almost 3 years ago, but they still turn up every now and then, and I try to check in occasionally. |  | 
Playdead Unofficial - General - inside [461275526716194818].txt	151473	sticker_306	https://cdn.discordapp.com/attachments/461275526716194818/1029808126867808306/IMG_6572.jpg?ex=6abb4cce&is=6ab9fb4e&hm=4e4a3e184e1353b1ff6cc4d6aae7191bff008f9cfcc77a687cc38211fb202d9c&	 |  | [10/12/2022 2:29 PM] raezores |  |  | {Attachments} | https://cdn.discordapp.com/attachments/461275526716194818/1029808126867808306/IMG_6572.jpg?ex=6abb4cce&is=6ab9fb4e&hm=4e4a3e184e1353b1ff6cc4d6aae7191bff008f9cfcc77a687cc38211fb202d9c& |  |  | [10/12/2022 2:32 PM] raezores | https://blog.playstation.com/2022/10/12/playstation-plus-game-catalog-lineup-for-october-grand-theft-auto-vice-city-the-definitive-edition-dragon-quest-xi-s-echoes-of-an-elusive-age/?fbclid=IwAR1oOers7dn_-XEvmceuZ-_508PJdUkpquAXGn_G4KHXPm8NZKWhxwbl3NE |  | {Embed}
Playdead Unofficial - General - inside [461275526716194818].txt	160746	sticker_597	We don’t know the exact amount, but we believe 500 because no one has had a sticker number that high yet. Except iam8bit with 597, so could be 600. Or potentially 999 or 1000 or something, but hard to say. We do have a list over the ones we know about here though: https://github.com/twinysam/INSIDE-ARG/blob/master/stickers.md	 | [10/12/2023 11:38 AM] randomisedtv | question: is it known how many collector's editions were made? |  |  | [10/12/2023 11:46 AM] raezores | We don’t know the exact amount, but we believe 500 because no one has had a sticker number that high yet. Except iam8bit with 597, so could be 600. Or potentially 999 or 1000 or something, but hard to say. We do have a list over the ones we know about here though: https://github.com/twinysam/INSIDE-ARG/blob/master/stickers.md |  | {Embed} | https://github.com/twinysam/INSIDE-ARG/blob/master/stickers.md | INSIDE-ARG/stickers.md at master · twinysam/INSIDE-ARG | Documentation for Playdead's INSIDE ARG. Contribute to twinysam/INSIDE-ARG development by creating an account on GitHub. | https://images-ext-1.discordapp.net/external/06ajqTo0EKomzokQeL2O4hkLT68sXhyPvW3XXtIgLzc/https/opengraph.githubassets.com/00de22e57c61a9d88ff412b75b62cd651b1526ca27b8eb0a35974ae1aeb49288/twinysam/INSIDE-ARG
Playdead Unofficial - General - inside [461275526716194818].txt	194995	supersecret	was watching the oddheader video (been vaguely following for a few years, but not gone that deep into things) and the amount of secret/secretsecret/supersecret just looks like a joke lol	 | [9/22/2026 6:26 PM] skylarkblue1 | what's the chance a good amount is also just fucking with everyone lol |  |  | [9/22/2026 6:27 PM] skylarkblue1 | was watching the oddheader video (been vaguely following for a few years, but not gone that deep into things) and the amount of secret/secretsecret/supersecret just looks like a joke lol |  |  | [9/22/2026 6:27 PM] sirik4564 | yes this is the point... they released many updates (for steam) and never deleted the unused stuff... |  | 
Playdead Unofficial - General - inside [461275526716194818].txt	195075	supersecret	Agreed, and files being labeled secret, secretsecret, and super secret i feel like we need activate the secret ending and then attempt something else	 | [9/22/2026 11:44 PM] drasticsun | There is probably just one thing missing that connects everything |  |  | [9/22/2026 11:45 PM] ztipt | Agreed, and files being labeled secret, secretsecret, and super secret i feel like we need activate the secret ending and then attempt something else |  |  | [9/22/2026 11:46 PM] drasticsun | Like, do the secret ending and then find another secret? |  | 
