count	domain	first_file	first_line	url
47	wiki.gamedetectives.net	Playdead Unofficial - ARG - solving [461275582970462209].txt	47806	https://wiki.gamedetectives.net/index.php?title=Inside_ARG
45	imgur.com	Playdead Unofficial - ARG - solving [461275582970462209].txt	21	https://imgur.com/a/TnMsM
37	github.com	Playdead Unofficial - ARG - solving [461275582970462209].txt	160202	https://github.com/twinysam/INSIDE-ARG
25	github.com	Playdead Unofficial - ARG - solving [461275582970462209].txt	187844	https://github.com/twinysam/INSIDE-ARG/blob/master/stickers.md
22	terminal41.link	Playdead Unofficial - ARG - solving [461275582970462209].txt	95747	http://terminal41.link/dat/breach_contribution_reg.html
22	terminal41.link	Playdead Unofficial - ARG - solving [461275582970462209].txt	160600	http://terminal41.link/dat/534brn9653f9j8mmd/
21	docs.google.com	Playdead Unofficial - ARG - solving [461275582970462209].txt	34016	https://docs.google.com/document/d/1vlpah0LdCRpJe-OfhnkaiBIcmepGXust5BMbaFJGGt8/edit
17	docs.google.com	Playdead Unofficial - ARG - solving [461275582970462209].txt	128568	https://docs.google.com/document/d/1ccgEU722Kz5kDrq0wmA5pd6Du05qAaWNN7kRaTlG9jU/edit
16	docs.google.com	Playdead Unofficial - ARG - solving [461275582970462209].txt	162001	https://docs.google.com/document/d/1NLwy0T4pvNRrR08oZsBzVNqmQyL4qhSrHvIHhCANwLw/edit?usp=sharing
15	terminal41.link	Playdead Unofficial - ARG - solving [461275582970462209].txt	95456	http://terminal41.link/dat/saf_dat_col.html
14	docs.google.com	Playdead Unofficial - ARG - solving [461275582970462209].txt	15950	https://docs.google.com/document/d/1V9TsI8D-NG191aNplbQxnteboUc_TYl0IViFtkwDKWA/edit
12	docs.google.com	Playdead Unofficial - ARG - solving [461275582970462209].txt	61439	https://docs.google.com/document/d/1vlpah0LdCRpJe-OfhnkaiBIcmepGXust5BMbaFJGGt8/edit?usp=sharing
12	terminal41.link	Playdead Unofficial - ARG - solving [461275582970462209].txt	90339	http://terminal41.link/sys/activate_shutdown_protocol/opts/confirm_shutdown_routine.html
12	steamcommunity.com	Playdead Unofficial - ARG - solving [461275582970462209].txt	105913	https://steamcommunity.com/app/304430/discussions/0/359543951720753445/
11	terminal41.link	Playdead Unofficial - ARG - solving [461275582970462209].txt	90343	http://terminal41.link/sys/activate_shutdown_protocol/PROT6y723g90ty9r80234_confirmed_0385729128474.html
11	imgur.com	Playdead Unofficial - ARG - solving [461275582970462209].txt	105918	http://imgur.com/a/TnMsM
10	github.com	Playdead Unofficial - ARG - solving [461275582970462209].txt	4	https://github.com/twinysam/inside-arg
9	www.terminal41.link	Playdead Unofficial - ARG - solving [461275582970462209].txt	87580	http://www.terminal41.link/comms/gate/98/connect.html
8	steamcommunity.com	Playdead Unofficial - ARG - solving [461275582970462209].txt	30	https://steamcommunity.com/app/304430/discussions/0/359543951720753445
8	imgur.com	Playdead Unofficial - ARG - solving [461275582970462209].txt	27536	https://imgur.com/gallery/366NJLp
8	web.archive.org	Playdead Unofficial - ARG - solving [461275582970462209].txt	222197	https://web.archive.org/web/20180604213403/https://imgur.com/a/TnMsM
7	terminal41.link	Playdead Unofficial - ARG - solving [461275582970462209].txt	160637	http://terminal41.link/sys/terminateall.html
7	terminal41.link	Playdead Unofficial - ARG - solving [461275582970462209].txt	163141	http://terminal41.link/sys/terminate_terminal/41/
7	github.com	Playdead Unofficial - ARG - solving [461275582970462209].txt	176507	https://github.com/twinysam/INSIDE-ARG/
6	terminal41.link	Playdead Unofficial - ARG - solving [461275582970462209].txt	5185	http://terminal41.link/comms_main_viewgate_002.html
6	playdead.com	Playdead Unofficial - ARG - solving [461275582970462209].txt	11592	http://playdead.com/inside
6	terminal41.link	Playdead Unofficial - ARG - solving [461275582970462209].txt	12467	http://terminal41.link/dat/breachlog.html
6	drive.google.com	Playdead Unofficial - ARG - solving [461275582970462209].txt	29130	https://drive.google.com/file/d/1-mwLs1kI6d59nolGxtuotY-ly69jTeOK/view?usp=sharing
6	terminal41.link	Playdead Unofficial - ARG - solving [461275582970462209].txt	90299	http://terminal41.link/sys/activate_shutdown_protocol/PROT6y723g90ty9r80234.html
6	i.imgur.com	Playdead Unofficial - ARG - solving [461275582970462209].txt	139456	https://i.imgur.com/X9TvmRu.gif
6	imgur.com	Playdead Unofficial - ARG - solving [461275582970462209].txt	139465	https://imgur.com/X9TvmRu
6	docs.google.com	Playdead Unofficial - ARG - solving [461275582970462209].txt	181136	https://docs.google.com/presentation/d/1_JHp-k4bDc9WhcMlC9hAPSGj_0UaJh5DBpSlLkwI74M/mobilepresent?slide=id.g5dea027fa_00
6	github.com	Playdead Unofficial - ARG - solving [461275582970462209].txt	203703	https://github.com/playdeadgames
6	drive.google.com	Playdead Unofficial - ARG - solving [461275582970462209].txt	219765	https://drive.google.com/drive/folders/1mitP9wjW0HS1vSUWig5vO2fZlMyd1ie9
6	www.iam8bit.com	Playdead Unofficial - General - inside [461275526716194818].txt	134546	https://www.iam8bit.com/collections/playdead/products/inside-collector-s-edition
5	terminal41.link	Playdead Unofficial - ARG - solving [461275582970462209].txt	25977	http://terminal41.link/sys/printreqstatus.html
5	terminal41.link	Playdead Unofficial - ARG - solving [461275582970462209].txt	84693	http://terminal41.link/sys/printreqstatus_015.html
5	web.archive.org	Playdead Unofficial - ARG - solving [461275582970462209].txt	122972	https://web.archive.org/web/20190414152645/http://terminal41.link/dat/saf_dat_col.html
5	www.iam8bit.com	Playdead Unofficial - ARG - solving [461275582970462209].txt	127420	https://www.iam8bit.com/products/inside-ps4-physical-game
5	github.com	Playdead Unofficial - ARG - solving [461275582970462209].txt	221144	https://github.com/twinysam/INSIDE-ARG/blob/master/terminal41.link/dat/saf_dat_col.html
5	github.com	Playdead Unofficial - General - inside [461275526716194818].txt	148609	https://github.com/playdeadgames/publications
4	terminal41.link	Playdead Unofficial - ARG - solving [461275582970462209].txt	17	http://terminal41.link/
4	www.terminal41.link	Playdead Unofficial - ARG - solving [461275582970462209].txt	1934	http://www.terminal41.link/dat/breachlog.html
4	www.terminal41.link	Playdead Unofficial - ARG - solving [461275582970462209].txt	7769	http://www.terminal41.link/sys/printreqstatus_003.html
4	imgur.com	Playdead Unofficial - ARG - solving [461275582970462209].txt	10795	https://imgur.com/a/USImD
4	terminal41.link	Playdead Unofficial - ARG - solving [461275582970462209].txt	25873	http://terminal41.link/sys/printreqstatus_005.html
4	terminal41.link	Playdead Unofficial - ARG - solving [461275582970462209].txt	25877	http://terminal41.link/sys/printreqstatus_006.html
4	drive.google.com	Playdead Unofficial - ARG - solving [461275582970462209].txt	28913	https://drive.google.com/file/d/1tmxJdJVtSyxys3DIR5BfhetdlMNPd3sk/view?usp=sharing
4	drive.google.com	Playdead Unofficial - ARG - solving [461275582970462209].txt	29140	https://drive.google.com/file/d/1eNechB2DyLAGYqu4ZOFfmE8yiSKacavz/view?usp=sharing
4	drive.google.com	Playdead Unofficial - ARG - solving [461275582970462209].txt	37098	https://drive.google.com/file/d/1yW8zoLvxUWP6OhX4-i0ygR8QlzmmWZbf/view?usp=sharing
4	docs.google.com	Playdead Unofficial - ARG - solving [461275582970462209].txt	40964	https://docs.google.com/document/d/1x-JQp3BjSEtfll3mk6BLDoyLO3en_gXq7wgfiKrUOUQ/edit?usp=sharing
4	terminal41.link	Playdead Unofficial - ARG - solving [461275582970462209].txt	45414	http://terminal41.link/sys/printreqstatus_007.html
4	wiki.gamedetectives.net	Playdead Unofficial - ARG - solving [461275582970462209].txt	47785	https://wiki.gamedetectives.net/index.php?title=ARG_Toolbox
4	github.com	Playdead Unofficial - ARG - solving [461275582970462209].txt	80423	https://github.com/aBARICHELLO/inside-noclip
4	github.com	Playdead Unofficial - ARG - solving [461275582970462209].txt	84133	https://github.com/gdelugre/origami
4	drive.google.com	Playdead Unofficial - ARG - solving [461275582970462209].txt	92390	https://drive.google.com/file/d/1VuuHHzTJI8Ntr6_NgWo9h95qkGd5JSxk/view?usp=sharing
4	pastebin.com	Playdead Unofficial - ARG - solving [461275582970462209].txt	99196	https://pastebin.com/aVsrehUx
4	playdead.com	Playdead Unofficial - ARG - solving [461275582970462209].txt	152843	https://playdead.com/css/img/Game3_Banner780.webm
4	terminal41.link	Playdead Unofficial - ARG - solving [461275582970462209].txt	160624	http://terminal41.link/sys/terminate_terminal/41/y/
4	docs.google.com	Playdead Unofficial - ARG - solving [461275582970462209].txt	162885	https://docs.google.com/document/d/1UNenYseEMuD2pYxaiJLkGdLAeDQrxRUEnGUqzsY2-EM/edit?usp=sharing
4	github.com	Playdead Unofficial - ARG - solving [461275582970462209].txt	181860	https://github.com/twinysam/INSIDE-ARG/tree/master/images/stickers
4	www.iam8bit.com	Playdead Unofficial - ARG - solving [461275582970462209].txt	222047	https://www.iam8bit.com/products/inside-pin-set
4	drive.google.com	Playdead Unofficial - ARG - solving-breakout [463106924708233216].txt	80	https://drive.google.com/file/d/1aI2jvFrJAp9ac7jBKDAWKam-36FzS8zb/view?usp=sharing
4	imgur.com	Playdead Unofficial - ARG - solving-breakout [463106924708233216].txt	5617	https://imgur.com/Jn2jwxv
4	www.iam8bit.com	Playdead Unofficial - ARG - solving-breakout [463106924708233216].txt	9293	https://www.iam8bit.com/collections/all/products/inside-collector-s-edition
3	www.terminal41.link	Playdead Unofficial - ARG - solving [461275582970462209].txt	1709	http://www.terminal41.link/sys/printreqstatus_002.html
3	terminal41.link	Playdead Unofficial - ARG - solving [461275582970462209].txt	5898	http://terminal41.link/sys/printreqstatus_003.html
3	playdead.com	Playdead Unofficial - ARG - solving [461275582970462209].txt	8000	http://playdead.com/games/switch/
3	www.terminal41.link	Playdead Unofficial - ARG - solving [461275582970462209].txt	16020	http://www.terminal41.link/sys/printreqstatus.html
3	drive.google.com	Playdead Unofficial - ARG - solving [461275582970462209].txt	16626	https://drive.google.com/drive/folders/1-381gKXFGrEi-JdQBSL9MvcxDEbayVAi
3	gist.github.com	Playdead Unofficial - ARG - solving [461275582970462209].txt	37417	https://gist.github.com/ciaran/e9b40b2595a5995e8ca4a2009038f951
3	terminal41.link	Playdead Unofficial - ARG - solving [461275582970462209].txt	57044	http://terminal41.link/sys/printreqstatus_010.html
3	docs.google.com	Playdead Unofficial - ARG - solving [461275582970462209].txt	64991	https://docs.google.com/document/d/1vlpah0LdCRpJe-OfhnkaiBIcmepGXust5BMbaFJGGt8/edit#
3	imgur.com	Playdead Unofficial - ARG - solving [461275582970462209].txt	80147	https://imgur.com/ORhKbm7
3	wiki.gamedetectives.net	Playdead Unofficial - ARG - solving [461275582970462209].txt	81012	https://wiki.gamedetectives.net/index.php?title=Inside_ARG#Printer_Button
3	i.imgur.com	Playdead Unofficial - ARG - solving [461275582970462209].txt	113919	https://i.imgur.com/kYPHhZE.png
3	imgur.com	Playdead Unofficial - ARG - solving [461275582970462209].txt	113922	https://imgur.com/kYPHhZE
3	i.imgur.com	Playdead Unofficial - ARG - solving [461275582970462209].txt	139455	https://i.imgur.com/lr0P8Gb.gif
3	imgur.com	Playdead Unofficial - ARG - solving [461275582970462209].txt	139460	https://imgur.com/lr0P8Gb
3	imgur.com	Playdead Unofficial - ARG - solving [461275582970462209].txt	151545	https://imgur.com/a/YpqizlW
3	terminal41.link	Playdead Unofficial - ARG - solving [461275582970462209].txt	160592	http://terminal41.link/sys/terminate_terminal/41/terminate.html
3	terminal41.link	Playdead Unofficial - ARG - solving [461275582970462209].txt	166437	http://terminal41.link/?C=D;O=A
3	github.com	Playdead Unofficial - ARG - solving [461275582970462209].txt	178583	https://github.com/twinysam/INSIDE-ARG/blob/master/contributing.md
3	www.iam8bit.com	Playdead Unofficial - ARG - solving [461275582970462209].txt	203270	https://www.iam8bit.com/products/inside-collector-s-edition
3	web.archive.org	Playdead Unofficial - ARG - solving-breakout [463106924708233216].txt	9716	https://web.archive.org/web/20180605093456/https://imgur.com/a/TnMsM
3	imgur.com	Playdead Unofficial - General - inside [461275526716194818].txt	24679	https://imgur.com/RqFeeJ2
3	playdead.com	Playdead Unofficial - General - inside [461275526716194818].txt	39329	https://playdead.com/jobs/
3	i.imgur.com	Playdead Unofficial - General - inside [461275526716194818].txt	87524	https://i.imgur.com/Jn2jwxv.jpg
2	terminal41.link	Playdead Unofficial - ARG - solving [461275582970462209].txt	2134	http://terminal41.link/loadSys/__.html
2	terminal41.link	Playdead Unofficial - ARG - solving [461275582970462209].txt	5806	http://terminal41.link//sys/printreqstatus_002.html
2	pastebin.com	Playdead Unofficial - ARG - solving [461275582970462209].txt	11661	https://pastebin.com/GUQ8FZiU
2	drive.google.com	Playdead Unofficial - ARG - solving [461275582970462209].txt	14114	https://drive.google.com/open?id=1_Zbz01f9WuAQxZ-YyfpeDqIsHNBqeKlS
2	drive.google.com	Playdead Unofficial - ARG - solving [461275582970462209].txt	15008	https://drive.google.com/open?id=1-381gKXFGrEi-JdQBSL9MvcxDEbayVAi
2	i.imgur.com	Playdead Unofficial - ARG - solving [461275582970462209].txt	15103	https://i.imgur.com/ddJQAYN.png
2	imgur.com	Playdead Unofficial - ARG - solving [461275582970462209].txt	15106	https://imgur.com/ddJQAYN
2	imgur.com	Playdead Unofficial - ARG - solving [461275582970462209].txt	21667	https://imgur.com/a/ME37S
2	terminal41.link	Playdead Unofficial - ARG - solving [461275582970462209].txt	25869	http://terminal41.link/sys/printreqstatus_004.html
2	drive.google.com	Playdead Unofficial - ARG - solving [461275582970462209].txt	29004	https://drive.google.com/file/d/1JuLHvu3_bJdU5LmY-ybLhva9jbNNEFf-/view?usp=sharing
2	drive.google.com	Playdead Unofficial - ARG - solving [461275582970462209].txt	29092	https://drive.google.com/open?id=1qpZ5xXYjIyqPkKT4Myj6u-3RdtzqUoUW
2	drive.google.com	Playdead Unofficial - ARG - solving [461275582970462209].txt	29514	https://drive.google.com/file/d/16f4G3Ij-9jWEtUF5mq6lJbRjLsWv2o0K/view?usp=sharing
2	terminal41.link	Playdead Unofficial - ARG - solving [461275582970462209].txt	29526	http://terminal41.link/sys/printreqstatus_002.html
2	drive.google.com	Playdead Unofficial - ARG - solving [461275582970462209].txt	29779	https://drive.google.com/open?id=1uXxwNfD2CLGaW5WvNWxjIX3CI2hNZyRN
2	drive.google.com	Playdead Unofficial - ARG - solving [461275582970462209].txt	29828	https://drive.google.com/file/d/1hfOXbjdua4559viFMKTHBYQxxCxE7wZb/view?usp=sharing
2	pastebin.com	Playdead Unofficial - ARG - solving [461275582970462209].txt	38464	https://pastebin.com/Ccxe0WTC
2	docs.google.com	Playdead Unofficial - ARG - solving [461275582970462209].txt	44798	https://docs.google.com/document/d/1s6Tltg8aLbWysVss1WwQvlFLNUlEckdvX7oKJZMDd9A/edit?usp=sharing
2	terminal41.link	Playdead Unofficial - ARG - solving [461275582970462209].txt	48904	http://terminal41.link/dat/
2	docs.google.com	Playdead Unofficial - ARG - solving [461275582970462209].txt	49020	https://docs.google.com/document/d/1IXI0yN2JYxh-2G51vdl1zlh5ByZ5znUCww4w_DJVySw/edit?usp=sharing
2	www.playdead.com	Playdead Unofficial - ARG - solving [461275582970462209].txt	49087	http://www.playdead.com/css/style.css?v=1.459
2	pastebin.com	Playdead Unofficial - ARG - solving [461275582970462209].txt	49095	https://pastebin.com/sRicqXjM
2	www.playdead.com	Playdead Unofficial - ARG - solving [461275582970462209].txt	49120	http://www.playdead.com/css/img/inside/bg/dots.gif
2	terminal41.link	Playdead Unofficial - ARG - solving [461275582970462209].txt	53297	http://terminal41.link/sys/printreqstatus_008.html
2	drive.google.com	Playdead Unofficial - ARG - solving [461275582970462209].txt	54386	https://drive.google.com/file/d/1NJsvw7vaXewfzMNOEtQsG1FJYMF8_UGL/view?usp=drivesdk
2	drive.google.com	Playdead Unofficial - ARG - solving [461275582970462209].txt	54910	https://drive.google.com/file/d/1p0cB2_AWsHPyk_C0NTpPLha7mS67sA2G/view?usp=drivesdk
2	terminal41.link	Playdead Unofficial - ARG - solving [461275582970462209].txt	57695	http://terminal41.link/sys/printreqstatus_012.html
2	terminal41.link	Playdead Unofficial - ARG - solving [461275582970462209].txt	60175	http://terminal41.link/sys/printreqstatus_013.html
2	wiki.gamedetectives.net	Playdead Unofficial - ARG - solving [461275582970462209].txt	60319	https://wiki.gamedetectives.net/index.php?title=Main_Page
2	pastebin.com	Playdead Unofficial - ARG - solving [461275582970462209].txt	73224	https://pastebin.com/kuf5ZCdU
2	docs.google.com	Playdead Unofficial - ARG - solving [461275582970462209].txt	73375	https://docs.google.com/document/d/1vlpah0LdCRpJe-OfhnkaiBIcmepGXust5BMbaFJGGt8/edit#heading=h.s8b8wtr4tccj
2	steamcommunity.com	Playdead Unofficial - ARG - solving [461275582970462209].txt	77136	https://steamcommunity.com/app/304430/discussions/0/359543951720753445/?ctp=15#c350543389019880496
2	steamcommunity.com	Playdead Unofficial - ARG - solving [461275582970462209].txt	77139	https://steamcommunity.com/app/304430/discussions/0/359543951720753445/?ctp=15
2	steamcommunity.com	Playdead Unofficial - ARG - solving [461275582970462209].txt	77877	https://steamcommunity.com/app/304430/discussions/0/365172547948628597/
2	imgur.com	Playdead Unofficial - ARG - solving [461275582970462209].txt	78166	https://imgur.com/a/MTeGL9a
2	i.imgur.com	Playdead Unofficial - ARG - solving [461275582970462209].txt	80144	https://i.imgur.com/ORhKbm7.png?1
2	wiki.gamedetectives.net	Playdead Unofficial - ARG - solving [461275582970462209].txt	80663	https://wiki.gamedetectives.net/images/f/f4/Probes.jpg
2	drive.google.com	Playdead Unofficial - ARG - solving [461275582970462209].txt	85123	https://drive.google.com/file/d/18Ue0MB3xlrsoMVE_U9W_rAdXcAFk6Uqt/view?usp=sharing
2	terminal41.link	Playdead Unofficial - ARG - solving [461275582970462209].txt	87233	http://terminal41.link/sys/printreqstatus_014.html
2	terminal41.link	Playdead Unofficial - ARG - solving [461275582970462209].txt	90439	http://terminal41.link/sys/
2	terminal41.link	Playdead Unofficial - ARG - solving [461275582970462209].txt	91404	http://terminal41.link/sys/activate_shutdown_protocol/commit/___________DONE.html
2	terminal41.link	Playdead Unofficial - ARG - solving [461275582970462209].txt	92977	http://terminal41.link/comms/gate/98/transmission_id41786174541g1f561f4186454544fdrfd532430980980000000000000000k.png
2	steamcommunity.com	Playdead Unofficial - ARG - solving [461275582970462209].txt	110367	https://steamcommunity.com/app/304430/discussions/0/359543951720753445/?ctp=47
2	store.iam8bit.com	Playdead Unofficial - ARG - solving [461275582970462209].txt	113627	https://store.iam8bit.com/products/inside-collector-s-edition
2	pastebin.com	Playdead Unofficial - ARG - solving [461275582970462209].txt	120437	https://pastebin.com/DAfU67wV
2	www.terminal41.link	Playdead Unofficial - ARG - solving [461275582970462209].txt	120654	http://www.terminal41.link/loadSys/__.html
2	wiki.gamedetectives.net	Playdead Unofficial - ARG - solving [461275582970462209].txt	123200	https://wiki.gamedetectives.net/index.php?title=Special:Upload
2	docs.google.com	Playdead Unofficial - ARG - solving [461275582970462209].txt	129497	https://docs.google.com/spreadsheets/d/1_3jcV7NJ163haLC-TfVXy54e5JK85fqm5ZNwyvsGC4E/edit?usp=sharing
2	docs.google.com	Playdead Unofficial - ARG - solving [461275582970462209].txt	129852	https://docs.google.com/spreadsheets/d/1_3jcV7NJ163haLC-TfVXy54e5JK85fqm5ZNwyvsGC4E/edit#gid=0
2	docs.google.com	Playdead Unofficial - ARG - solving [461275582970462209].txt	129855	https://docs.google.com/spreadsheets/d/1_3jcV7NJ163haLC-TfVXy54e5JK85fqm5ZNwyvsGC4E/edit
2	www.iam8bit.com	Playdead Unofficial - ARG - solving [461275582970462209].txt	138629	https://www.iam8bit.com/collections/krz
2	www.iam8bit.com	Playdead Unofficial - ARG - solving [461275582970462209].txt	141661	https://www.iam8bit.com/pages/inside-collectors-editions
2	docs.google.com	Playdead Unofficial - ARG - solving [461275582970462209].txt	142741	https://docs.google.com/document/d/1ccgEU722Kz5kDrq0wmA5pd6Du05qAaWNN7kRaTlG9jU
2	terminal41.link	Playdead Unofficial - ARG - solving [461275582970462209].txt	143009	http://terminal41.link/loadSys/__.html`
2	github.com	Playdead Unofficial - ARG - solving [461275582970462209].txt	143092	https://github.com/stanislav-web/OpenDoor
2	docs.google.com	Playdead Unofficial - ARG - solving [461275582970462209].txt	147222	https://docs.google.com/spreadsheets/d/1QhouhVpJbKX5Wlkw-tmi9cjpEp5NtiAHSlo8tFxIkRo/edit?usp=drivesdk
2	playdead.com	Playdead Unofficial - ARG - solving [461275582970462209].txt	150762	https://playdead.com/privacypolicy/
2	imgur.com	Playdead Unofficial - ARG - solving [461275582970462209].txt	159075	https://imgur.com/gallery/ipjWYEz?utm_source=share&utm_medium=ios_app&utm_name=iossmf
2	imgur.com	Playdead Unofficial - ARG - solving [461275582970462209].txt	159078	https://imgur.com/gallery/ipjWYEz
2	imgur.com	Playdead Unofficial - ARG - solving [461275582970462209].txt	166697	https://imgur.com/a/hZiS4fO
2	www.iam8bit.com	Playdead Unofficial - ARG - solving [461275582970462209].txt	169685	https://www.iam8bit.com/products/inside-collector-s-edition?goal=0_e7557e3b34-801f8c9fc7-305215993&mc_cid=801f8c9fc7&mc_eid=79e2be0758
2	web.archive.org	Playdead Unofficial - ARG - solving [461275582970462209].txt	176527	https://web.archive.org/web/20200421064228/http://terminal41.link/sys/terminate_terminal/41/terminate.html
2	web.archive.org	Playdead Unofficial - ARG - solving [461275582970462209].txt	181023	https://web.archive.org/web/20180703092718/http://terminal41.link/sys/printreqstatus.html
2	imgur.com	Playdead Unofficial - ARG - solving [461275582970462209].txt	181672	https://imgur.com/gallery/5oPpvEe
2	docs.google.com	Playdead Unofficial - ARG - solving [461275582970462209].txt	183389	https://docs.google.com/document/d/1vlpah0LdCRpJe-OfhnkaiBIcmepGXust5BMbaFJGGt8/ed
2	drive.google.com	Playdead Unofficial - ARG - solving [461275582970462209].txt	183740	https://drive.google.com/drive/folders/1aiIOzx_Rs3VAh-wgZt2mUQfHIozmJThk?usp=sharing
2	github.com	Playdead Unofficial - ARG - solving [461275582970462209].txt	190169	https://github.com/shirazkn/puzzles/blob/master/inside-other/ford42nut.psd
2	wiki.gamedetectives.net	Playdead Unofficial - ARG - solving [461275582970462209].txt	194447	https://wiki.gamedetectives.net/images/9/9c/Inside_planet_scan.png
2	github.com	Playdead Unofficial - ARG - solving [461275582970462209].txt	203223	https://github.com/twinysam/INSIDE-ARG/pull/10
2	github.com	Playdead Unofficial - ARG - solving [461275582970462209].txt	206542	https://github.com/twinysam/INSIDE-ARG#ps4-cover-hidden-mystery
2	imgur.com	Playdead Unofficial - ARG - solving [461275582970462209].txt	215073	https://imgur.com/gallery/inside-x-iam8bit-x-realdoll-reverse-cover-ipjWYEz
2	github.com	Playdead Unofficial - ARG - solving [461275582970462209].txt	216769	https://github.com/twinysam/INSIDE-ARG/pull/41
2	web.archive.org	Playdead Unofficial - ARG - solving [461275582970462209].txt	218698	https://web.archive.org/web/20190416160333im_/http://www.terminal41.link/comms/gate/98/transmission_id41786174541g1f561f4186454544fdrfd532430980980000000000000000k.png
2	www.iam8bit.com	Playdead Unofficial - ARG - solving [461275582970462209].txt	222049	https://www.iam8bit.com/products/limbo-pin
2	steamcommunity.com	Playdead Unofficial - ARG - solving [461275582970462209].txt	222625	https://steamcommunity.com/groups/gladbladgamers
2	steamcommunity.com	Playdead Unofficial - ARG - solving [461275582970462209].txt	222650	https://steamcommunity.com/app/304430/discussions/0/365172547941461181/
2	wiki.gamedetectives.net	Playdead Unofficial - ARG - solving-breakout [463106924708233216].txt	2078	https://wiki.gamedetectives.net/images/4/4f/Inside_spectrogram.png
2	imgur.com	Playdead Unofficial - ARG - solving-breakout [463106924708233216].txt	2958	https://imgur.com/gallery/wkYzEhZ
2	pastebin.com	Playdead Unofficial - ARG - solving-breakout [463106924708233216].txt	3504	https://pastebin.com/c64pDUfv
2	web.archive.org	Playdead Unofficial - ARG - solving-breakout [463106924708233216].txt	3579	https://web.archive.org/web/20190414164226/http://terminal41.link/dat/breach_contribution_reg.html
2	pastebin.com	Playdead Unofficial - ARG - solving-breakout [463106924708233216].txt	3580	https://pastebin.com/vB0HM8Aq
2	drive.google.com	Playdead Unofficial - ARG - solving-breakout [463106924708233216].txt	6359	https://drive.google.com/file/d/1wYZo63qYbeHU76qGYocpDM11EME_BPn5/view?usp=share_link
2	steamcommunity.com	Playdead Unofficial - ARG - tldr [462637922944811028].txt	176	https://steamcommunity.com/app/304430/discussions/0/359543951720753445/?ctp=58
2	store.iam8bit.com	Playdead Unofficial - General - inside [461275526716194818].txt	4740	https://store.iam8bit.com/collections/playdead/products/inside-collector-s-edition
2	pastebin.com	Playdead Unofficial - General - inside [461275526716194818].txt	5219	https://pastebin.com/TMX68JFk
2	github.com	Playdead Unofficial - General - inside [461275526716194818].txt	5338	https://github.com/playdeadgames/temporal
2	imgur.com	Playdead Unofficial - General - inside [461275526716194818].txt	12008	https://imgur.com/gallery/up5JMYj
2	docs.google.com	Playdead Unofficial - General - inside [461275526716194818].txt	13190	https://docs.google.com/document/d/1JZOIbISt5vRjXzuW8A6aqYnwrin-iT0f0jRZktnJ_rM/edit?usp=sharing
2	imgur.com	Playdead Unofficial - General - inside [461275526716194818].txt	14272	https://imgur.com/a/PWbDmtd
2	imgur.com	Playdead Unofficial - General - inside [461275526716194818].txt	14287	https://imgur.com/a/9Rwl1Tm
2	store.iam8bit.com	Playdead Unofficial - General - inside [461275526716194818].txt	16422	https://store.iam8bit.com/collections/collectors-editions/products/inside-collector-s-edition
2	docs.google.com	Playdead Unofficial - General - inside [461275526716194818].txt	24165	https://docs.google.com/document/d/1fJAz30Ea7Gv7It9vYArU2E2YFR2hHtwILwCR2ywekME/edit?usp=sharing
2	steamcommunity.com	Playdead Unofficial - General - inside [461275526716194818].txt	32532	https://steamcommunity.com/app/304430/discussions/0/359543951720753445/?ctp=55
2	i.imgur.com	Playdead Unofficial - General - inside [461275526716194818].txt	32809	https://i.imgur.com/O8Ik0oU.png
2	www.iam8bit.com	Playdead Unofficial - General - inside [461275526716194818].txt	39853	https://www.iam8bit.com/products/inside-ps4-physical-game?utm_source=twitter&utm_medium=social&utm_campaign=insideps4
2	www.iam8bit.com	Playdead Unofficial - General - inside [461275526716194818].txt	57487	https://www.iam8bit.com/products/inside-collector-s-edition?goal=0_e7557e3b34-801f8c9fc7-303695861&mc_cid=801f8c9fc7&mc_eid=5f246162e7
2	www.iam8bit.com	Playdead Unofficial - General - inside [461275526716194818].txt	77958	https://www.iam8bit.com/products/inside-collector-s-edition?_pos=3&_sid=682d5656e&_ss=r
2	playdead.com	Playdead Unofficial - General - inside [461275526716194818].txt	88962	https://playdead.com/css/img/inside/bg/bg_anim.mp4
2	playdead.com	Playdead Unofficial - General - inside [461275526716194818].txt	96426	https://playdead.com/games/inside/
2	playdead.com	Playdead Unofficial - General - inside [461275526716194818].txt	101416	https://playdead.com/css/img/inside/gifs/gif2.gif
2	playdead.com	Playdead Unofficial - General - inside [461275526716194818].txt	101424	https://playdead.com/css/img/inside/gifs/gif5.gif
2	docs.google.com	Playdead Unofficial - General - inside [461275526716194818].txt	111583	https://docs.google.com/document/d/1LoF1Qe94LGxWcD8TWWSxs3fSs6yng2ZjanpzsZ8oXkM/edit
2	www.iam8bit.com	Playdead Unofficial - General - inside [461275526716194818].txt	112944	https://www.iam8bit.com/collections/all/products/inside-collector-s-edition?_pos=3&_sid=9f883985f&_ss=r
2	www.iam8bit.com	Playdead Unofficial - General - inside [461275526716194818].txt	112944	https://www.iam8bit.com/products/inside-ps4-physical-game?_pos=2&_sid=50cb02f3e&_ss=r
2	www.iam8bit.com	Playdead Unofficial - General - inside [461275526716194818].txt	118589	https://www.iam8bit.com/collections/all/products/inside-collector-s-edition?_pos=1&_sid=8607d5c7a&_ss=r
2	playdead.com	Playdead Unofficial - General - inside [461275526716194818].txt	129614	https://playdead.com/privacypolicy/index.php
2	imgur.com	Playdead Unofficial - General - inside [461275526716194818].txt	146805	https://imgur.com/a/Fi1lSWn
2	steamcommunity.com	Playdead Unofficial - General - inside [461275526716194818].txt	152839	https://steamcommunity.com/sharedfiles/filedetails/?id=1566566333
2	github.com	Playdead Unofficial - General - inside [461275526716194818].txt	154338	https://github.com/abarichello/inside-noclip
2	archive.org	Playdead Unofficial - General - inside [461275526716194818].txt	154631	https://archive.org/details/c6bb4d88575450934ad78497862b6cc6
2	github.com	Playdead Unofficial - General - inside [461275526716194818].txt	174216	https://github.com/PietHelzel/inside_hacks/
2	drive.google.com	Playdead Unofficial - General - inside [461275526716194818].txt	181543	https://drive.google.com/drive/folders/1VWpmF9FGf-gp-XA5H_O4yQuKdsOb8eTC?usp=drive_link
2	drive.google.com	Playdead Unofficial - General - inside [461275526716194818].txt	181550	https://drive.google.com/drive/folders/1YCRoumuLhc3MODvtDt8wn5fGHktObrbL?usp=sharing
2	drive.google.com	Playdead Unofficial - General - inside [461275526716194818].txt	181601	https://drive.google.com/drive/folders/1OunC_nRKnrvqOZHn66_qj4lwAZbwGUYe?usp=sharing
2	drive.google.com	Playdead Unofficial - General - inside [461275526716194818].txt	181608	https://drive.google.com/drive/folders/1XB1z5Rq1NBq2CIV5ysjAT2I80N-hmqDF?usp=sharing
2	web.archive.org	Playdead Unofficial - General - inside [461275526716194818].txt	183011	https://web.archive.org/web/20210622215226/https://www.rockpapershotgun.com/how-insides-levels-were-designed
2	github.com	Playdead Unofficial - General - inside [461275526716194818].txt	186437	https://github.com/Vextil/Wwise-Unpacker/releases/tag/1.0.3
2	steamcommunity.com	Playdead Unofficial - General - inside [461275526716194818].txt	197471	https://steamcommunity.com/app/304430/discussions/0/1489992713708033062/
1	terminal41.link	Playdead Unofficial - ARG - solving [461275582970462209].txt	83	http://terminal41.link/comms_main_viewgate_003.html
1	terminal41.link	Playdead Unofficial - ARG - solving [461275582970462209].txt	98	http://terminal41.link/comms_main_viewgate_004.html
1	playdead.com	Playdead Unofficial - ARG - solving [461275582970462209].txt	8036	http://playdead.com/games/
1	web.archive.org	Playdead Unofficial - ARG - solving [461275582970462209].txt	12373	https://web.archive.org/web/20171213121631/http://playdead.com:80/
1	web.archive.org	Playdead Unofficial - ARG - solving [461275582970462209].txt	12381	https://web.archive.org/web/20171213181154/http://www.playdead.com:80/
1	i.imgur.com	Playdead Unofficial - ARG - solving [461275582970462209].txt	15070	https://i.imgur.com/vcIfiUJ.png
1	imgur.com	Playdead Unofficial - ARG - solving [461275582970462209].txt	15073	https://imgur.com/vcIfiUJ
1	terminal41.link	Playdead Unofficial - ARG - solving [461275582970462209].txt	25861	http://terminal41.link//dat/breachlog.html
1	terminal41.link	Playdead Unofficial - ARG - solving [461275582970462209].txt	26341	http://terminal41.link//sys/printreqstatus.html
1	terminal41.link	Playdead Unofficial - ARG - solving [461275582970462209].txt	37362	http://terminal41.link
1	gist.github.com	Playdead Unofficial - ARG - solving [461275582970462209].txt	38426	https://gist.github.com/ciaran/e9b40b2595a5995e8ca4a2009038f951#file-___________done-html
1	i.imgur.com	Playdead Unofficial - ARG - solving [461275582970462209].txt	44105	https://i.imgur.com/xp91nyw.jpg
1	imgur.com	Playdead Unofficial - ARG - solving [461275582970462209].txt	44108	https://imgur.com/xp91nyw
1	i.imgur.com	Playdead Unofficial - ARG - solving [461275582970462209].txt	46649	https://i.imgur.com/G3rCTJF.png
1	imgur.com	Playdead Unofficial - ARG - solving [461275582970462209].txt	46652	https://imgur.com/G3rCTJF
1	i.imgur.com	Playdead Unofficial - ARG - solving [461275582970462209].txt	48097	http://i.imgur.com/Z5yKQBo.jpg
1	imgur.com	Playdead Unofficial - ARG - solving [461275582970462209].txt	48100	https://imgur.com/Z5yKQBo
1	terminal41.link	Playdead Unofficial - ARG - solving [461275582970462209].txt	48880	http://terminal41.link/sys/printreqstatus_001.html
1	www.playdead.com	Playdead Unofficial - ARG - solving [461275582970462209].txt	49063	http://www.playdead.com/css
1	www.playdead.com	Playdead Unofficial - ARG - solving [461275582970462209].txt	49112	http://www.playdead.com/js/photoswipe.min.js
1	www.terminal41.link	Playdead Unofficial - ARG - solving [461275582970462209].txt	50881	http://www.terminal41.link/sys/printreqstatus_007.html
1	terminal41.link	Playdead Unofficial - ARG - solving [461275582970462209].txt	53691	http://terminal41.link/sys/printreqstatus_009.html
1	terminal41.link	Playdead Unofficial - ARG - solving [461275582970462209].txt	54141	http://terminal41.link//sys/printreqstatus_008.html
1	www.terminal41.link	Playdead Unofficial - ARG - solving [461275582970462209].txt	54702	http://www.terminal41.link/sys/printreqstatus_009.html
1	terminal41.link	Playdead Unofficial - ARG - solving [461275582970462209].txt	57348	http://terminal41.link/sys/printreqstatus_011.html
1	www.terminal41.link	Playdead Unofficial - ARG - solving [461275582970462209].txt	57890	http://www.terminal41.link/sys/printreqstatus_004.html
1	www.terminal41.link	Playdead Unofficial - ARG - solving [461275582970462209].txt	67725	http://www.terminal41.link/sys/printreqstatus_013.html
1	docs.google.com	Playdead Unofficial - ARG - solving [461275582970462209].txt	69752	https://docs.google.com/document/d/1s6Tltg8aLbWysVss1WwQvlFLNUlEckdvX7oKJZMDd9A/edit
1	i.imgur.com	Playdead Unofficial - ARG - solving [461275582970462209].txt	73646	https://i.imgur.com/Esd5bmj.png
1	imgur.com	Playdead Unofficial - ARG - solving [461275582970462209].txt	73649	https://imgur.com/Esd5bmj
1	www.terminal41.link	Playdead Unofficial - ARG - solving [461275582970462209].txt	74603	http://www.terminal41.link/sys/printreqstatus_014.html
1	wiki.gamedetectives.net	Playdead Unofficial - ARG - solving [461275582970462209].txt	76471	https://wiki.gamedetectives.net/index.php?title=Inside_ARG#Switch
1	docs.google.com	Playdead Unofficial - ARG - solving [461275582970462209].txt	83816	https://docs.google.com/document/d/1vlpah0LdCRpJe-OfhnkaiBIcmepGXust5BMbaFJGGt8/edit#heading=h.9tp5wed7rkd9
1	www.terminal41.link	Playdead Unofficial - ARG - solving [461275582970462209].txt	89911	http://www.terminal41.link/REPO/SYS/ACTIVATE_SHUTDOWN_PROTOCOL/PROT6y723g90ty9r80234.html
1	terminal41.link	Playdead Unofficial - ARG - solving [461275582970462209].txt	90443	http://terminal41.link/repo/sys/a
1	terminal41.link	Playdead Unofficial - ARG - solving [461275582970462209].txt	91113	http://terminal41.link/sys/activate_shutdown_protocol/opts/
1	terminal41.link	Playdead Unofficial - ARG - solving [461275582970462209].txt	91480	http://terminal41.link/sys/activate_shutdown_protocol/commit/___________DONE_SD_CONFIRMED_04.html
1	www.terminal41.link	Playdead Unofficial - ARG - solving [461275582970462209].txt	92182	http://www.terminal41.link/src/gate/98.html
1	terminal41.link	Playdead Unofficial - ARG - solving [461275582970462209].txt	92190	http://terminal41.link/src/
1	terminal41.link	Playdead Unofficial - ARG - solving [461275582970462209].txt	93122	http://terminal41.link/comms/gate/98/connect.html
1	www.terminal41.link	Playdead Unofficial - ARG - solving [461275582970462209].txt	95815	http://www.terminal41.link/comms/gate/81/connect.html
1	www.terminal41.link	Playdead Unofficial - ARG - solving [461275582970462209].txt	96026	http://www.terminal41.link/sys/printreqstatus_SD.html
1	terminal41.link	Playdead Unofficial - ARG - solving [461275582970462209].txt	96030	http://terminal41.link/comms/gate/81/connect.html
1	pastebin.com	Playdead Unofficial - ARG - solving [461275582970462209].txt	96743	https://pastebin.com/raw/Fb3D5MgY
1	pastebin.com	Playdead Unofficial - ARG - solving [461275582970462209].txt	96883	https://pastebin.com/raw/nfTCAfWE
1	pastebin.com	Playdead Unofficial - ARG - solving [461275582970462209].txt	97646	https://pastebin.com/raw/BZRqTZNU
1	pastebin.com	Playdead Unofficial - ARG - solving [461275582970462209].txt	97972	https://pastebin.com/raw/7rt4yj0D
1	pastebin.com	Playdead Unofficial - ARG - solving [461275582970462209].txt	98393	https://pastebin.com/raw/ytAMhZEA
1	steamcommunity.com	Playdead Unofficial - ARG - solving [461275582970462209].txt	108972	https://steamcommunity.com/app/304430/discussions/0/359543951720753445/?ctp=16#c312265782625446471
1	steamcommunity.com	Playdead Unofficial - ARG - solving [461275582970462209].txt	108975	https://steamcommunity.com/app/304430/discussions/0/359543951720753445/?ctp=16
1	steamcommunity.com	Playdead Unofficial - ARG - solving [461275582970462209].txt	109014	https://steamcommunity.com/app/304430/discussions/0/359543951720753445/?ctp=17#c282992562606546253
1	steamcommunity.com	Playdead Unofficial - ARG - solving [461275582970462209].txt	109017	https://steamcommunity.com/app/304430/discussions/0/359543951720753445/?ctp=17
1	playdead.com	Playdead Unofficial - ARG - solving [461275582970462209].txt	109558	https://playdead.com/css/style.css
1	wiki.gamedetectives.net	Playdead Unofficial - ARG - solving [461275582970462209].txt	113024	https://wiki.gamedetectives.net/index.php?title=Inside_ARG#Terminal41
1	i.imgur.com	Playdead Unofficial - ARG - solving [461275582970462209].txt	113928	https://i.imgur.com/b6HHNSU.jpg
1	imgur.com	Playdead Unofficial - ARG - solving [461275582970462209].txt	113931	https://imgur.com/b6HHNSU
1	archive.org	Playdead Unofficial - ARG - solving [461275582970462209].txt	114242	https://archive.org/web/
1	terminal41.link	Playdead Unofficial - ARG - solving [461275582970462209].txt	114290	http://terminal41.link/sys/activate_shutdown_protocol/commit/___________ERROR.html
1	www.terminal41.link	Playdead Unofficial - ARG - solving [461275582970462209].txt	115209	http://www.terminal41.link/comms_main_viewgate_005.html
1	docs.google.com	Playdead Unofficial - ARG - solving [461275582970462209].txt	132187	https://docs.google.com/document/d/1vlpah0LdCRpJe-OfhnkaiBIcmepGXust5BMbaFJGGt8/e
1	web.archive.org	Playdead Unofficial - ARG - solving [461275582970462209].txt	132355	https://web.archive.org/web/20180810012543/http://terminal41.link/
1	imgur.com	Playdead Unofficial - ARG - solving [461275582970462209].txt	134518	https://imgur.com/gallery/ce5GJnm
1	terminal41.link	Playdead Unofficial - ARG - solving [461275582970462209].txt	143112	http://terminal41.link/kpanel/
1	terminal41.link	Playdead Unofficial - ARG - solving [461275582970462209].txt	143113	http://terminal41.link/webmail/
1	terminal41.link	Playdead Unofficial - ARG - solving [461275582970462209].txt	143114	http://terminal41.link/mailman/admin/
1	terminal41.link	Playdead Unofficial - ARG - solving [461275582970462209].txt	143115	http://terminal41.link/pipermail/
1	steamcommunity.com	Playdead Unofficial - ARG - solving [461275582970462209].txt	144588	https://steamcommunity.com/app/304430/discussions/0/359543951720753445/?ctp=14#c350543389019880496
1	web.archive.org	Playdead Unofficial - ARG - solving [461275582970462209].txt	150976	https://web.archive.org/web/2019*/http://terminal41.link/dat/breach_contribution_reg.html
1	terminal41.link	Playdead Unofficial - ARG - solving [461275582970462209].txt	152175	http://terminal41.link/error.html
1	playdead.com	Playdead Unofficial - ARG - solving [461275582970462209].txt	152269	https://playdead.com/js/photoswipe.min.js
1	playdead.com	Playdead Unofficial - ARG - solving [461275582970462209].txt	152269	https://playdead.com/js/dist.js
1	terminal41.link	Playdead Unofficial - ARG - solving [461275582970462209].txt	157790	http://terminal41.link/dat/534brn9
1	terminal41.link	Playdead Unofficial - ARG - solving [461275582970462209].txt	166509	http://terminal41.link/?F=D;O=S
1	terminal41.link	Playdead Unofficial - ARG - solving [461275582970462209].txt	166513	http://terminal41.link/?K=H;X=E
1	web.archive.org	Playdead Unofficial - ARG - solving [461275582970462209].txt	176663	https://web.archive.org/web/2/http://terminal41.link/dat/534brn9653f9j8mmd
1	github.com	Playdead Unofficial - ARG - solving [461275582970462209].txt	178547	https://github.com/acornjs/acorn
1	github.com	Playdead Unofficial - ARG - solving [461275582970462209].txt	179352	https://github.com/twinysam/INSIDE-ARG#the-9-texture-images
1	gist.github.com	Playdead Unofficial - ARG - solving [461275582970462209].txt	179466	https://gist.github.com/twinysam/60c110406a010de6075fb08508018117
1	terminal41.link	Playdead Unofficial - ARG - solving [461275582970462209].txt	180962	http://terminal41.link/sys/terminate_terminal/41/terminate.html`
1	web.archive.org	Playdead Unofficial - ARG - solving [461275582970462209].txt	180998	https://web.archive.org/web/20200421064032/http://terminal41.link/sys/terminate_terminal/
1	steamcommunity.com	Playdead Unofficial - ARG - solving [461275582970462209].txt	181107	https://steamcommunity.com/app/304430/discussions/0/359543951720753445/?ctp=8#c360671727322562954
1	docs.google.com	Playdead Unofficial - ARG - solving [461275582970462209].txt	183235	https://docs.google.com/document/d/1vlpah0LdCRpJe-OfhnkaiBIcmepGXust5BMbaFJGGt8/edit#heading=h.ud0zjcq2l0hb
1	docs.google.com	Playdead Unofficial - ARG - solving [461275582970462209].txt	186009	https://docs.google.com/spreadsheets/d/1u2oKEjKQybt5VbzBqC-D1J9fKxgo2O5gUPaFGGXQAmE/edit#gid=205225263
1	docs.google.com	Playdead Unofficial - ARG - solving [461275582970462209].txt	186012	https://docs.google.com/spreadsheets/d/1u2oKEjKQybt5VbzBqC-D1J9fKxgo2O5gUPaFGGXQAmE/edit
1	terminal41.link	Playdead Unofficial - ARG - solving [461275582970462209].txt	191832	http://terminal41.link/?C=N;O=D
1	terminal41.link	Playdead Unofficial - ARG - solving [461275582970462209].txt	191836	http://terminal41.link/?C=N;O=A
1	terminal41.link	Playdead Unofficial - ARG - solving [461275582970462209].txt	191840	http://terminal41.link/?C=M;O=A
1	terminal41.link	Playdead Unofficial - ARG - solving [461275582970462209].txt	191844	http://terminal41.link/?C=M;O=D
1	terminal41.link	Playdead Unofficial - ARG - solving [461275582970462209].txt	191848	http://terminal41.link/?C=S;O=A
1	terminal41.link	Playdead Unofficial - ARG - solving [461275582970462209].txt	191852	http://terminal41.link/?C=S;O=D
1	terminal41.link	Playdead Unofficial - ARG - solving [461275582970462209].txt	191860	http://terminal41.link/?C=D;O=D
1	i.imgur.com	Playdead Unofficial - ARG - solving [461275582970462209].txt	197564	https://i.imgur.com/ORhKbm7.png
1	github.com	Playdead Unofficial - ARG - solving [461275582970462209].txt	198577	https://github.com/twinysam/INSIDE-ARG/blob/master/images/stickers/003.jpg
1	github.com	Playdead Unofficial - ARG - solving [461275582970462209].txt	198577	https://github.com/twinysam/INSIDE-ARG/blob/master/images/stickers/039.jpg
1	drive.google.com	Playdead Unofficial - ARG - solving [461275582970462209].txt	199896	https://drive.google.com/drive/folders/1mcR4kOBHCqXrykviPVzxbKry87y1qqMJ?usp=sharing
1	docs.google.com	Playdead Unofficial - ARG - solving [461275582970462209].txt	201351	https://docs.google.com/document/d/1vlpah0LdCRpJe-OfhnkaiBIcmepGXust5BMbaFJGGt8/edit#heading=h.dnzzteopific
1	docs.google.com	Playdead Unofficial - ARG - solving [461275582970462209].txt	201355	https://docs.google.com/document/d/1vlpah0LdCRpJe-OfhnkaiBIcmepGXust5BMbaFJGGt8/edit#heading=h.kpcunrh01299
1	web.archive.org	Playdead Unofficial - ARG - solving [461275582970462209].txt	202336	https://web.archive.org/web/20200421064134/http://terminal41.link/sys/terminate_terminal/41/terminate.html
1	github.com	Playdead Unofficial - ARG - solving [461275582970462209].txt	203750	https://github.com/playdeadgames/publications/blob/master/LIMBO/readme.md
1	github.com	Playdead Unofficial - ARG - solving [461275582970462209].txt	203754	https://github.com/slynch8/10x/issues/25
1	github.com	Playdead Unofficial - ARG - solving [461275582970462209].txt	203890	https://github.com/twinysam/INSIDE-ARG/blob/master/images/stickers/334.jpg
1	imgur.com	Playdead Unofficial - ARG - solving [461275582970462209].txt	204808	https://imgur.com/846shEE
1	web.archive.org	Playdead Unofficial - ARG - solving [461275582970462209].txt	208361	https://web.archive.org/web/20190414152651/https://terminal41.link/dat/saf_dat_col.html
1	docs.google.com	Playdead Unofficial - ARG - solving [461275582970462209].txt	209002	https://docs.google.com/document/d/1vlpah0LdCRpJe-OfhnkaiBIcmepGXust5BMbaFJGGt8/edit#heading=h.o4a0qj9wma2o
1	web.archive.org	Playdead Unofficial - ARG - solving [461275582970462209].txt	209107	https://web.archive.org/web/*/http://terminal41.link/*
1	terminal41.link	Playdead Unofficial - ARG - solving [461275582970462209].txt	209108	http://terminal41.link/comms_main_viewgate.html
1	terminal41.link	Playdead Unofficial - ARG - solving [461275582970462209].txt	209115	http://terminal41.link/dat/```
1	github.com	Playdead Unofficial - ARG - solving [461275582970462209].txt	211168	https://github.com/twinysam/INSIDE-ARG#macos-printer-codes
1	github.com	Playdead Unofficial - ARG - solving [461275582970462209].txt	212061	https://github.com/DarkMatter-11/INSIDE-ARG
1	github.com	Playdead Unofficial - ARG - solving [461275582970462209].txt	213076	https://github.com/twinysam/INSIDE-ARG#collectors-edition-stickers
1	www.playdead.com	Playdead Unofficial - ARG - solving [461275582970462209].txt	214592	https://www.playdead.com/games/inside/
1	github.com	Playdead Unofficial - ARG - solving [461275582970462209].txt	215180	https://github.com/twinysam/INSIDE-ARG/blob/master/images/stickers/021.jpg
1	github.com	Playdead Unofficial - ARG - solving [461275582970462209].txt	217387	https://github.com/twinysam/INSIDE-ARG/tree/master/terminal41.link
1	web.archive.org	Playdead Unofficial - ARG - solving [461275582970462209].txt	218694	https://web.archive.org/web/20190416160333/http://www.terminal41.link/comms/gate/98/connect.html
1	web.archive.org	Playdead Unofficial - ARG - solving [461275582970462209].txt	218696	https://web.archive.org/web/20190416160333/http://www.terminal41.link/comms/gate/98/transmission_id41786174541g1f561f4186454544fdrfd532430980980000000000000000k.png
1	github.com	Playdead Unofficial - ARG - solving [461275582970462209].txt	219694	https://github.com/twinysam/INSIDE-ARG/blob/master/terminal41.link/comms/gate/98/transmission_id41786174541g1f561f4186454544fdrfd532430980980000000000000000k.png
1	drive.google.com	Playdead Unofficial - ARG - solving [461275582970462209].txt	220365	https://drive.google.com/file/d/1rWB0R1reI9FHlXH2jx26fDsMQqi6kYrD/view?usp=sharing
1	steamcommunity.com	Playdead Unofficial - ARG - solving [461275582970462209].txt	221702	https://steamcommunity.com/app/304430/discussions/0/359543951720753445/?ctp=66#c1727575977595093277
1	i.imgur.com	Playdead Unofficial - ARG - solving [461275582970462209].txt	222657	http://i.imgur.com/20ZLN2o.jpg
1	pastebin.com	Playdead Unofficial - ARG - solving [461275582970462209].txt	223157	https://pastebin.com/dMkxfPVP
1	github.com	Playdead Unofficial - ARG - solving [461275582970462209].txt	223237	https://github.com/burning-lnkr/saf_dat_col
1	playdead.com	Playdead Unofficial - ARG - solving-breakout [463106924708233216].txt	1881	https://playdead.com/css/img/svg/loader.svg
1	playdead.com	Playdead Unofficial - ARG - solving-breakout [463106924708233216].txt	1946	https://playdead.com/print/index.php
1	steamcommunity.com	Playdead Unofficial - ARG - solving-breakout [463106924708233216].txt	4550	https://steamcommunity.com/app/304430/discussions/0/359543951720753445/?ctp=3#c360670708782605225
1	steamcommunity.com	Playdead Unofficial - ARG - solving-breakout [463106924708233216].txt	4552	https://steamcommunity.com/app/304430/discussions/0/359543951720753445/?ctp=5#c360671247403421719
1	github.com	Playdead Unofficial - ARG - solving-breakout [463106924708233216].txt	10720	https://github.com/twinysam/INSIDE-ARG/blob/master/terminal41.link/comms_main_viewgate_002.html
1	web.archive.org	Playdead Unofficial - ARG - solving-breakout [463106924708233216].txt	12348	https://web.archive.org/web/20160711031758/http://gaming.gladblad.dk/board/
1	web.archive.org	Playdead Unofficial - ARG - solving-breakout [463106924708233216].txt	12350	https://web.archive.org/web/20170514074655/http://gaming.gladblad.dk/board/
1	docs.google.com	Playdead Unofficial - ARG - tldr [462637922944811028].txt	243	https://docs.google.com/document/d/1vlpah0LdCRpJe-OfhnkaiBIcmepGXust5BMbaFJGGt8/edit?usp=sharing#heading=h.ud0zjcq2l0hb
1	www.terminal41.link	Playdead Unofficial - ARG - tldr [462637922944811028].txt	438	http://www.terminal41.link/sys/printreqstatus_016.html
1	imgur.com	Playdead Unofficial - ARG - tldr [462637922944811028].txt	581	https://imgur.com/a/3JuP5Jw
1	docs.google.com	Playdead Unofficial - ARG - tldr [462637922944811028].txt	647	https://docs.google.com/document/d/1vlpah0LdCRpJe-OfhnkaiBIcmepGXust5BMbaFJGGt8/
1	docs.google.com	Playdead Unofficial - ARG - tldr [462637922944811028].txt	653	https://docs.google.com/spreadsheets/d/1u2oKEjKQybt5VbzBqC-D1J9fKxgo2O5gUPaFGGXQAmE/
1	i.imgur.com	Playdead Unofficial - General - inside [461275526716194818].txt	2652	https://i.imgur.com/RVybNee.png
1	imgur.com	Playdead Unofficial - General - inside [461275526716194818].txt	2655	https://imgur.com/RVybNee
1	i.imgur.com	Playdead Unofficial - General - inside [461275526716194818].txt	4495	https://i.imgur.com/t5ZVHNb.gifv
1	imgur.com	Playdead Unofficial - General - inside [461275526716194818].txt	4498	https://imgur.com/t5ZVHNb
1	docs.google.com	Playdead Unofficial - General - inside [461275526716194818].txt	4531	https://docs.google.com/document/d/1V9TsI8D-NG191aNplbQxnteboUc_TYl0IViFtkwDKWA/mobilebasic
1	docs.google.com	Playdead Unofficial - General - inside [461275526716194818].txt	4539	https://docs.google.com/document/d/1vlpah0LdCRpJe-OfhnkaiBIcmepGXust5BMbaFJGGt8/mobilebasic
1	i.imgur.com	Playdead Unofficial - General - inside [461275526716194818].txt	4790	https://i.imgur.com/0gsQSCf.png
1	imgur.com	Playdead Unofficial - General - inside [461275526716194818].txt	4793	https://imgur.com/0gsQSCf
1	playdead.com	Playdead Unofficial - General - inside [461275526716194818].txt	5820	http://playdead.com/
1	steamcommunity.com	Playdead Unofficial - General - inside [461275526716194818].txt	7685	https://steamcommunity.com/sharedfiles/filedetails/?id=1446547821
1	steamcommunity.com	Playdead Unofficial - General - inside [461275526716194818].txt	7689	https://steamcommunity.com/sharedfiles/filedetails/?id=1389293373
1	steamcommunity.com	Playdead Unofficial - General - inside [461275526716194818].txt	7691	https://steamcommunity.com/sharedfiles/filedetails/?id=1447200614
1	i.imgur.com	Playdead Unofficial - General - inside [461275526716194818].txt	7831	https://i.imgur.com/rujvWdc.jpg
1	imgur.com	Playdead Unofficial - General - inside [461275526716194818].txt	7834	https://imgur.com/rujvWdc
1	i.imgur.com	Playdead Unofficial - General - inside [461275526716194818].txt	10426	https://i.imgur.com/7WHlYsz.png
1	imgur.com	Playdead Unofficial - General - inside [461275526716194818].txt	10429	https://imgur.com/7WHlYsz
1	i.imgur.com	Playdead Unofficial - General - inside [461275526716194818].txt	10501	https://i.imgur.com/dKbVq9C.png
1	imgur.com	Playdead Unofficial - General - inside [461275526716194818].txt	10506	https://imgur.com/dKbVq9C
1	i.imgur.com	Playdead Unofficial - General - inside [461275526716194818].txt	11785	https://i.imgur.com/tYOXaxP.jpg
1	imgur.com	Playdead Unofficial - General - inside [461275526716194818].txt	11788	https://imgur.com/tYOXaxP
1	i.imgur.com	Playdead Unofficial - General - inside [461275526716194818].txt	11893	https://i.imgur.com/nKDLOg0.jpg
1	imgur.com	Playdead Unofficial - General - inside [461275526716194818].txt	11896	https://imgur.com/nKDLOg0
1	i.imgur.com	Playdead Unofficial - General - inside [461275526716194818].txt	12209	https://i.imgur.com/nGGaqoW.jpg
1	imgur.com	Playdead Unofficial - General - inside [461275526716194818].txt	12212	https://imgur.com/nGGaqoW
1	i.imgur.com	Playdead Unofficial - General - inside [461275526716194818].txt	30068	https://i.imgur.com/OMrpdXD.jpg
1	imgur.com	Playdead Unofficial - General - inside [461275526716194818].txt	30071	https://imgur.com/OMrpdXD
1	i.imgur.com	Playdead Unofficial - General - inside [461275526716194818].txt	30107	https://i.imgur.com/k9PNpmh.jpg
1	i.imgur.com	Playdead Unofficial - General - inside [461275526716194818].txt	30108	https://i.imgur.com/1LKRiwe.jpg
1	i.imgur.com	Playdead Unofficial - General - inside [461275526716194818].txt	30109	https://i.imgur.com/AIMhhH7.jpg
1	i.imgur.com	Playdead Unofficial - General - inside [461275526716194818].txt	30110	https://i.imgur.com/B81T6Q4.jpg
1	imgur.com	Playdead Unofficial - General - inside [461275526716194818].txt	30113	https://imgur.com/k9PNpmh
1	imgur.com	Playdead Unofficial - General - inside [461275526716194818].txt	30117	https://imgur.com/1LKRiwe
1	imgur.com	Playdead Unofficial - General - inside [461275526716194818].txt	30121	https://imgur.com/AIMhhH7
1	imgur.com	Playdead Unofficial - General - inside [461275526716194818].txt	30125	https://imgur.com/B81T6Q4
1	i.imgur.com	Playdead Unofficial - General - inside [461275526716194818].txt	30690	https://i.imgur.com/GS1cq6C.png
1	imgur.com	Playdead Unofficial - General - inside [461275526716194818].txt	30693	https://imgur.com/GS1cq6C
1	i.imgur.com	Playdead Unofficial - General - inside [461275526716194818].txt	30948	https://i.imgur.com/whnmSri.png
1	imgur.com	Playdead Unofficial - General - inside [461275526716194818].txt	30951	https://imgur.com/whnmSri
1	i.imgur.com	Playdead Unofficial - General - inside [461275526716194818].txt	31008	https://i.imgur.com/YwNK1ao.png
1	imgur.com	Playdead Unofficial - General - inside [461275526716194818].txt	31011	https://imgur.com/YwNK1ao
1	i.imgur.com	Playdead Unofficial - General - inside [461275526716194818].txt	31443	https://i.imgur.com/99odPoR.png
1	imgur.com	Playdead Unofficial - General - inside [461275526716194818].txt	31446	https://imgur.com/99odPoR
1	imgur.com	Playdead Unofficial - General - inside [461275526716194818].txt	32812	https://imgur.com/O8Ik0oU
1	i.imgur.com	Playdead Unofficial - General - inside [461275526716194818].txt	32891	https://i.imgur.com/IjZsy1S.png
1	imgur.com	Playdead Unofficial - General - inside [461275526716194818].txt	32894	https://imgur.com/IjZsy1S
1	i.imgur.com	Playdead Unofficial - General - inside [461275526716194818].txt	44781	https://i.imgur.com/XSIU95D.jpg
1	imgur.com	Playdead Unofficial - General - inside [461275526716194818].txt	44784	https://imgur.com/XSIU95D
1	steamcommunity.com	Playdead Unofficial - General - inside [461275526716194818].txt	54679	http://steamcommunity.com/sharedfiles/filedetails/?id=10650
1	archive.org	Playdead Unofficial - General - inside [461275526716194818].txt	69817	https://archive.org/download/UnityAssetsExplorer
1	i.imgur.com	Playdead Unofficial - General - inside [461275526716194818].txt	77222	https://i.imgur.com/RqFeeJ2.mp4
1	i.imgur.com	Playdead Unofficial - General - inside [461275526716194818].txt	83572	https://i.imgur.com/9yPG6L6.jpg
1	imgur.com	Playdead Unofficial - General - inside [461275526716194818].txt	83575	https://imgur.com/9yPG6L6
1	i.imgur.com	Playdead Unofficial - General - inside [461275526716194818].txt	83583	https://i.imgur.com/f7FCeKt.jpg
1	imgur.com	Playdead Unofficial - General - inside [461275526716194818].txt	83586	https://imgur.com/f7FCeKt
1	steamcommunity.com	Playdead Unofficial - General - inside [461275526716194818].txt	86014	http://steamcommunity.com/app/304430/discussions/0/359543951720753445/
1	web.archive.org	Playdead Unofficial - General - inside [461275526716194818].txt	89313	https://web.archive.org/web/20141212210704if_/https://steamdb.info/app/304430/subs/
1	playdead.com	Playdead Unofficial - General - inside [461275526716194818].txt	102734	https://playdead.com/games/limbo/#&gid=1&pid=5
1	playdead.com	Playdead Unofficial - General - inside [461275526716194818].txt	102737	https://playdead.com/games/limbo/
1	web.archive.org	Playdead Unofficial - General - inside [461275526716194818].txt	107559	https://web.archive.org/web/20200612055842im_/https://playdead.com/css/img/inside/bg/bg_anim.mp4
1	web.archive.org	Playdead Unofficial - General - inside [461275526716194818].txt	107563	https://web.archive.org/web/20201031153151im_/https://playdead.com/css/img/inside/bg/bg_anim.mp4
1	steamcommunity.com	Playdead Unofficial - General - inside [461275526716194818].txt	124849	https://steamcommunity.com/app/304430/discussions/0/359543951720753445/?ctp=3#c360670708779510815
1	docs.google.com	Playdead Unofficial - General - inside [461275526716194818].txt	126132	https://docs.google.com/presentation/d/1_JHp-k4bDc9WhcMlC9hAPSGj_0UaJh5DBpSlLkwI74M/edit#slide=id.g5dea027fa_0333
1	docs.google.com	Playdead Unofficial - General - inside [461275526716194818].txt	126135	https://docs.google.com/presentation/d/1_JHp-k4bDc9WhcMlC9hAPSGj_0UaJh5DBpSlLkwI74M/edit
1	docs.google.com	Playdead Unofficial - General - inside [461275526716194818].txt	127653	https://docs.google.com/spreadsheets/d/17Fw_llLtOcFg4IuhRrN7YUR_n72VDvm6sErBDOI_vmE/edit?usp=sharing
1	i.imgur.com	Playdead Unofficial - General - inside [461275526716194818].txt	131260	https://i.imgur.com/5zNATuJ.png`
1	i.imgur.com	Playdead Unofficial - General - inside [461275526716194818].txt	131340	https://i.imgur.com/Jn2jwxv.jpg`
1	github.com	Playdead Unofficial - General - inside [461275526716194818].txt	148625	https://github.com/playdeadgames/publications/blob/master/INSIDE/schmid-Wwise_2016-INSIDE_Audio.pdf
1	github.com	Playdead Unofficial - General - inside [461275526716194818].txt	151713	https://github.com/cheeriojs/cheerio
1	github.com	Playdead Unofficial - General - inside [461275526716194818].txt	151714	https://github.com/puppeteer/puppeteer
1	github.com	Playdead Unofficial - General - inside [461275526716194818].txt	154293	https://github.com/aBARICHELO/inside-noclip
1	web.archive.org	Playdead Unofficial - General - inside [461275526716194818].txt	167460	http://web.archive.org/
1	docs.google.com	Playdead Unofficial - General - inside [461275526716194818].txt	172679	https://docs.google.com/forms/d/e/1FAIpQLSe0jGd9ZQzi2NfhKag4YD2x5sIZus0vE1zQKXixwTDt7JnwzQ/viewform?usp=sharing
1	docs.google.com	Playdead Unofficial - General - inside [461275526716194818].txt	172682	https://docs.google.com/forms/d/e/1FAIpQLSemdCH44y__wvc2H3Szrxq0Qixgt3iCyJrcSoJv_qC1luvRFA/viewform?usp=sharing
1	github.com	Playdead Unofficial - General - inside [461275526716194818].txt	174231	https://github.com/PietHelzel/inside_hacks/blob/main/src/widgets/mod.rs
