file	line	groups	text	context
Playdead Unofficial - ARG - solving [461275582970462209].txt	2855	registration_geometry	What’s more, the people who work there got their minds so compartmentalized and inured to the situation, that they don’t even register you when you come right up to them in the control center. The only things they are capable of experiencing are mild anxiety and idle interest – even in the face of death by horrible creatures.	"""What I liked the best was the absurdism done right. You are inside a facility that not only commits unimaginable atrocities, not only does so in a cold detached manner, but does not really know itself WHY it commits them (and is also in the process of shaking itself apart, either with some device it spawned, or alternatively a thing it was meant to prevent). |  | What’s more, the people who work there got their minds so compartmentalized and inured to the situation, that they don’t even register you when you come right up to them in the control center. The only things they are capable of experiencing are mild anxiety and idle interest – even in the face of death by horrible creatures."
Playdead Unofficial - ARG - solving [461275582970462209].txt	2857	period_prediction	"It’s Gilliam’s Brazil and Lem’s Memoirs Found in a Bathtub for the present day, brought to their logical conclusion. There is no malice, there is no freedom, and there is no solution; but the whole thing is funny in a way, and freeing without being didactic, and probably profound… in the way “I guess we learned not to do it again” at the end of Burn After Reading is profound. Which is plenty for me, thank you."""	"What’s more, the people who work there got their minds so compartmentalized and inured to the situation, that they don’t even register you when you come right up to them in the control center. The only things they are capable of experiencing are mild anxiety and idle interest – even in the face of death by horrible creatures. |  | It’s Gilliam’s Brazil and Lem’s Memoirs Found in a Bathtub for the present day, brought to their logical conclusion. There is no malice, there is no freedom, and there is no solution; but the whole thing is funny in a way, and freeing without being didactic, and probably profound… in the way “I guess we learned not to do it again” at the end of Burn After Reading is profound. Which is plenty for me, thank you."""
Playdead Unofficial - ARG - solving [461275582970462209].txt	8120	registration_geometry	@dono da marginal is there anything more than a mild resemblance to old systems in general?	 | [6/28/2018 9:51 PM] Deleted User | @dono da marginal is there anything more than a mild resemblance to old systems in general?
Playdead Unofficial - ARG - solving [461275582970462209].txt	17785	registration_geometry	what if we rearrange the lines somewhat	 | [6/30/2018 4:26 PM] Deleted User | what if we rearrange the lines somewhat
Playdead Unofficial - ARG - solving [461275582970462209].txt	17877	registration_geometry	and rearranging lines	 | [6/30/2018 4:28 PM] Deleted User | and rearranging lines
Playdead Unofficial - ARG - solving [461275582970462209].txt	18083	registration_geometry	this is before your rearranging of lines btw, just so you know	 | [6/30/2018 4:40 PM] Deleted User | this is before your rearranging of lines btw, just so you know
Playdead Unofficial - ARG - solving [461275582970462209].txt	20016	registration_geometry	Yeah, we tried rearranging the lines a bunch	 | [6/30/2018 7:58 PM] Deleted User | Yeah, we tried rearranging the lines a bunch
Playdead Unofficial - ARG - solving [461275582970462209].txt	21537	registration_geometry	like time, rearranging the strings just right, etc	 | [6/30/2018 9:18 PM] Deleted User | like time, rearranging the strings just right, etc
Playdead Unofficial - ARG - solving [461275582970462209].txt	22838	registration_geometry	rearranging lines, whatever it is you want to do	 | [6/30/2018 10:30 PM] Deleted User | rearranging lines, whatever it is you want to do
Playdead Unofficial - ARG - solving [461275582970462209].txt	24916	registration_geometry	I looked at this and thought I could rearrange it like so	 | [7/1/2018 10:33 AM] Deleted User | I looked at this and thought I could rearrange it like so
Playdead Unofficial - ARG - solving [461275582970462209].txt	33896	registration_geometry	at this point im just throwing stuff at the wall to see what sticks. Rearranging lines.	 | [7/2/2018 10:35 AM] Deleted User | at this point im just throwing stuff at the wall to see what sticks. Rearranging lines.
Playdead Unofficial - ARG - solving [461275582970462209].txt	34584	registration_geometry,physical_material	those are all the xbox strings, rearranged into the shape you are seeing in that image	 | [7/2/2018 6:32 PM] Deleted User | those are all the xbox strings, rearranged into the shape you are seeing in that image
Playdead Unofficial - ARG - solving [461275582970462209].txt	34910	registration_geometry,symbols_codes	If we took the layout to make it look like a QR code, maybe it could actually register?	 | [7/2/2018 6:46 PM] goofyg | If we took the layout to make it look like a QR code, maybe it could actually register?
Playdead Unofficial - ARG - solving [461275582970462209].txt	35907	registration_geometry,historical_paths	"I need to get to bed.  Maybe someone else can see if this could be anything.  I will look at it more tomorrow.  So these are the ""LEDs"" on the MultipleProbesDispatched page.  This pic is just a section.  If this is divided in half, horizontally, you get two rows of colors.  Its hard to make out some individual LEDs/segments but from what I count, every 9th LED/seg is RED.  I made a doc with all 67 of the 9 colors combinations.  I dont know if this is anything.  If it is I hope someone else can figure out how to translate it or rearrange it.  I made a couple notes in the doc to help me figure out where i was on that long ass band of colors."	" | [7/3/2018 12:17 AM] ___mh___. | I need to get to bed.  Maybe someone else can see if this could be anything.  I will look at it more tomorrow.  So these are the ""LEDs"" on the MultipleProbesDispatched page.  This pic is just a section.  If this is divided in half, horizontally, you get two rows of colors.  Its hard to make out some individual LEDs/segments but from what I count, every 9th LED/seg is RED.  I made a doc with all 67 of the 9 colors combinations.  I dont know if this is anything.  If it is I hope someone else can figure out how to translate it or rearrange it.  I made a couple notes in the doc to help me figure out where i was on that long ass band of colors."
Playdead Unofficial - ARG - solving [461275582970462209].txt	37102	registration_geometry,physical_material	xbox_long_rearranged.bmp	{Embed} | https://drive.google.com/file/d/1yW8zoLvxUWP6OhX4-i0ygR8QlzmmWZbf/view?usp=sharing | xbox_long_rearranged.bmp
Playdead Unofficial - ARG - solving [461275582970462209].txt	37402	registration_geometry,physical_material	xbox_long_rearranged.bmp	{Embed} | https://drive.google.com/file/d/1yW8zoLvxUWP6OhX4-i0ygR8QlzmmWZbf/view?usp=sharing | xbox_long_rearranged.bmp
Playdead Unofficial - ARG - solving [461275582970462209].txt	38822	registration_geometry,physical_material	"""1. Xbox strings rearranged"	"The **OFFICIAL TESTING GROUNDS** sort of says as much, @Deleted User . |  | ""1. Xbox strings rearranged"
Playdead Unofficial - ARG - solving [461275582970462209].txt	39108	registration_geometry,external_consumers	Someone said that terminal41 updated when each step was solved. Something about when that was said made me think they meant that step was registered as a gate as well.	 | [7/3/2018 6:23 PM] mechler | Someone said that terminal41 updated when each step was solved. Something about when that was said made me think they meant that step was registered as a gate as well.
Playdead Unofficial - ARG - solving [461275582970462209].txt	41026	registration_geometry	i know it's a way too easy solution but anyone tried rearrange strings to see if any ASCII image or word come up?	 | [7/3/2018 10:31 PM] c3ncio | i know it's a way too easy solution but anyone tried rearrange strings to see if any ASCII image or word come up?
Playdead Unofficial - ARG - solving [461275582970462209].txt	41126	registration_geometry,period_prediction	"@Deleted User  yeah ill probably do it cause imho this is the solution. From what i get, each platform have a different sequence of strings, each sequence can be rearranged like the iOS one to get a ""password"" that gives you a fragment of an image if written on the site. We need all passwords from strings of each platform and than we will be able to assemble the image and see the next clue. The problem here is, those strings are so damn strange lol"	" | [7/3/2018 10:47 PM] c3ncio | @Deleted User  yeah ill probably do it cause imho this is the solution. From what i get, each platform have a different sequence of strings, each sequence can be rearranged like the iOS one to get a ""password"" that gives you a fragment of an image if written on the site. We need all passwords from strings of each platform and than we will be able to assemble the image and see the next clue. The problem here is, those strings are so damn strange lol"
Playdead Unofficial - ARG - solving [461275582970462209].txt	47904	registration_geometry	3) Most important point: The iOS code was arranged as such to that the time of day corresponded to each letter. Even if the circumstance of each line being arranged in order by time of day was disregarded, each line still amounted to a single letter, which we could have rearranged to find the same passcode. 	2) It might be more difficult to judge whether an answer is correct or not based on an image. I feel there's no way of telling how correct an ASCII can be in a situation like this. Furthermore, it would *really* depend on how well that image conveys a word that would fit in the Printer Button™ code entry field. |  | 3) Most important point: The iOS code was arranged as such to that the time of day corresponded to each letter. Even if the circumstance of each line being arranged in order by time of day was disregarded, each line still amounted to a single letter, which we could have rearranged to find the same passcode. 
Playdead Unofficial - ARG - solving [461275582970462209].txt	47988	registration_geometry	for example if you take any sufficiently long sentence and you take every letter and rearrange them alphabetically, there's no way to get back the original message	 | [7/5/2018 3:02 AM] Deleted User | for example if you take any sufficiently long sentence and you take every letter and rearrange them alphabetically, there's no way to get back the original message
Playdead Unofficial - ARG - solving [461275582970462209].txt	50094	registration_geometry,physical_material	Because we haven't *solved* anything about the XBOX one yet, but we have documents showing us (you) rearranging it and all.	 | [7/5/2018 6:24 PM] mechler | Because we haven't *solved* anything about the XBOX one yet, but we have documents showing us (you) rearranging it and all.
Playdead Unofficial - ARG - solving [461275582970462209].txt	52542	registration_geometry	yeah it seems to only register physical detachment, I couldn't get the code to work with the button toggles	 | [7/6/2018 7:55 AM] neuralzen8211 | yeah it seems to only register physical detachment, I couldn't get the code to work with the button toggles
Playdead Unofficial - ARG - solving [461275582970462209].txt	54077	registration_geometry	English...and I registered it as The Americas for region, it just auto detected the time zone to jakarta, Indonesia last time I had it online	 | [7/6/2018 9:38 AM] neuralzen8211 | English...and I registered it as The Americas for region, it just auto detected the time zone to jakarta, Indonesia last time I had it online
Playdead Unofficial - ARG - solving [461275582970462209].txt	54089	registration_geometry	I bought the switch in thailand, but register my region as the Americas	 | [7/6/2018 9:39 AM] neuralzen8211 | I bought the switch in thailand, but register my region as the Americas
Playdead Unofficial - ARG - solving [461275582970462209].txt	63207	registration_geometry	The problem is how do we rearrange the lines to make any kind of information	 | [7/8/2018 11:11 AM] ftsh. | The problem is how do we rearrange the lines to make any kind of information
Playdead Unofficial - ARG - solving [461275582970462209].txt	63422	registration_geometry	I'm mostly in a text editor where rearranging and laying out analysis is really easy at this point	 | [7/8/2018 12:34 PM] mechler | I'm mostly in a text editor where rearranging and laying out analysis is really easy at this point
Playdead Unofficial - ARG - solving [461275582970462209].txt	63631	registration_geometry	the margins of cryptograms are often used to hide the key	 | [7/8/2018 1:09 PM] pitch_bright | the margins of cryptograms are often used to hide the key
Playdead Unofficial - ARG - solving [461275582970462209].txt	64048	registration_geometry	I think I found an image of a regular object in the PC codes...the too may need a little work, but the alternating interlaced pattern limits options...	 | [7/9/2018 1:50 PM] neuralzen8211 | I think I found an image of a regular object in the PC codes...the too may need a little work, but the alternating interlaced pattern limits options...
Playdead Unofficial - ARG - solving [461275582970462209].txt	64056	registration_geometry	alternated interlaced pc codes	 | [7/9/2018 1:51 PM] neuralzen8211 | alternated interlaced pc codes
Playdead Unofficial - ARG - solving [461275582970462209].txt	64072	registration_geometry	assets\pc_long2_interlaced_object-e46115f631f3553d.xcf	 | {Attachments} | assets\pc_long2_interlaced_object-e46115f631f3553d.xcf
Playdead Unofficial - ARG - solving [461275582970462209].txt	64096	registration_geometry,symbols_codes	but i think one of the key things is the distribution of margin slashes	 | [7/9/2018 1:53 PM] pitch_bright | but i think one of the key things is the distribution of margin slashes
Playdead Unofficial - ARG - solving [461275582970462209].txt	66410	registration_geometry	We know it to a 6hr margin I believe	 | [7/9/2018 8:50 PM] squeaz1e | We know it to a 6hr margin I believe
Playdead Unofficial - ARG - solving [461275582970462209].txt	66557	registration_geometry	just me rearranging things and counting things	 | [7/9/2018 8:56 PM] mechler | just me rearranging things and counting things
Playdead Unofficial - ARG - solving [461275582970462209].txt	66640	registration_geometry	the image of the acorn is just a way for us to rearrange the strings the way they want us to	 | [7/9/2018 9:01 PM] Deleted User | the image of the acorn is just a way for us to rearrange the strings the way they want us to
Playdead Unofficial - ARG - solving [461275582970462209].txt	66712	registration_geometry	I rearranged it too but it's not quite finished	 | [7/9/2018 9:07 PM] thingy1637 | I rearranged it too but it's not quite finished
Playdead Unofficial - ARG - solving [461275582970462209].txt	66731	registration_geometry	assets\pc_long_rearranged-99bc33e639af2613.PNG	 | {Attachments} | assets\pc_long_rearranged-99bc33e639af2613.PNG
Playdead Unofficial - ARG - solving [461275582970462209].txt	67561	registration_geometry	and the rest is just for us to rearrange the thing correctly	 | [7/9/2018 10:14 PM] Deleted User | and the rest is just for us to rearrange the thing correctly
Playdead Unofficial - ARG - solving [461275582970462209].txt	68115	registration_geometry,symbols_codes	TL;DR: Rearrange strings to circle, rotate by 90° (clockwise or counter-clockwise, depending on how you rearranged them), read as braille	 | [7/9/2018 10:42 PM] Deleted User | TL;DR: Rearrange strings to circle, rotate by 90° (clockwise or counter-clockwise, depending on how you rearranged them), read as braille
Playdead Unofficial - ARG - solving [461275582970462209].txt	68131	registration_geometry	Like the circle was easier to rearrange because it has a destinct geometry	 | [7/9/2018 10:42 PM] squeaz1e | Like the circle was easier to rearrange because it has a destinct geometry
Playdead Unofficial - ARG - solving [461275582970462209].txt	68959	registration_geometry	it could be assembly, but purely with CPU registers if at all, since the memory address would be all zeros...I may mess around with it in that regard more still...	 | [7/10/2018 3:08 AM] neuralzen8211 | it could be assembly, but purely with CPU registers if at all, since the memory address would be all zeros...I may mess around with it in that regard more still...
Playdead Unofficial - ARG - solving [461275582970462209].txt	70087	registration_geometry	assets\pc_long2_interlaced_object-4f3398e1d2e0dc71.xcf	 | {Attachments} | assets\pc_long2_interlaced_object-4f3398e1d2e0dc71.xcf
Playdead Unofficial - ARG - solving [461275582970462209].txt	70829	registration_geometry,symbols_codes	assets\pc_long_rearranged_onlydots-18622c27256a9042.PNG	 | {Attachments} | assets\pc_long_rearranged_onlydots-18622c27256a9042.PNG
Playdead Unofficial - ARG - solving [461275582970462209].txt	70860	registration_geometry,symbols_codes	assets\pc_long_rearranged_onlydots_-_Copy-9735302863658d6c.PNG	 | {Attachments} | assets\pc_long_rearranged_onlydots_-_Copy-9735302863658d6c.PNG
Playdead Unofficial - ARG - solving [461275582970462209].txt	71000	registration_geometry,symbols_codes	if you're convinced like me that the solution to the acorn will be some rearrangement of the rows of dots after they are rotated 90 degrees, here's a useless tool to generate random permutations of the rows i wrote so i could stare at it at work http://tubehog.zone/acorn	 | [7/11/2018 11:01 PM] latenightwifealert | if you're convinced like me that the solution to the acorn will be some rearrangement of the rows of dots after they are rotated 90 degrees, here's a useless tool to generate random permutations of the rows i wrote so i could stare at it at work http://tubehog.zone/acorn
Playdead Unofficial - ARG - solving [461275582970462209].txt	72014	registration_geometry,external_consumers,physical_material	The acorn is formed by rearranging the PC Printer Strings	 | [7/12/2018 10:43 PM] elronodelp | The acorn is formed by rearranging the PC Printer Strings
Playdead Unofficial - ARG - solving [461275582970462209].txt	72221	registration_geometry	Perhaps the lines are supposed to be rearranged in a different way that makes LESS sense to our eyes?	 | [7/14/2018 3:34 AM] themysticalbard | Perhaps the lines are supposed to be rearranged in a different way that makes LESS sense to our eyes?
Playdead Unofficial - ARG - solving [461275582970462209].txt	72249	registration_geometry	Maybe isolate the orange, and then rearrange the columns?	 | [7/14/2018 1:26 PM] layk1eh | Maybe isolate the orange, and then rearrange the columns?
Playdead Unofficial - ARG - solving [461275582970462209].txt	72370	registration_geometry,period_prediction	"That can't be the rearrangement of the "".""s , can it? You have way too many repeated columns."	" | [7/14/2018 7:45 PM] ftsh. | That can't be the rearrangement of the "".""s , can it? You have way too many repeated columns."
Playdead Unofficial - ARG - solving [461275582970462209].txt	72567	registration_geometry	maybe they need to be rearranged so theres no holes in the lines?	 | [7/17/2018 9:08 AM] riceprezpip | maybe they need to be rearranged so theres no holes in the lines?
Playdead Unofficial - ARG - solving [461275582970462209].txt	72769	registration_geometry	which makes me think rearranging of vertical columns might be involved	 | [7/17/2018 9:53 AM] Deleted User | which makes me think rearranging of vertical columns might be involved
Playdead Unofficial - ARG - solving [461275582970462209].txt	73313	registration_geometry	Either we need to rearrange columns to get something or the empty space is just an empty space.	 | [7/23/2018 2:18 PM] ssszmey | Either we need to rearrange columns to get something or the empty space is just an empty space.
Playdead Unofficial - ARG - solving [461275582970462209].txt	74406	registration_geometry,symbols_codes	https://cdn.discordapp.com/attachments/461275582970462209/466771190648930305/pc_long_rearranged_onlydots.PNG	 | [9/2/2018 1:11 AM] elronodelp | https://cdn.discordapp.com/attachments/461275582970462209/466771190648930305/pc_long_rearranged_onlydots.PNG
Playdead Unofficial - ARG - solving [461275582970462209].txt	74409	registration_geometry,symbols_codes	https://cdn.discordapp.com/attachments/461275582970462209/466771190648930305/pc_long_rearranged_onlydots.PNG	 | {Embed} | https://cdn.discordapp.com/attachments/461275582970462209/466771190648930305/pc_long_rearranged_onlydots.PNG
Playdead Unofficial - ARG - solving [461275582970462209].txt	74410	registration_geometry,symbols_codes	assets\pc_long_rearranged_onlydots-4dce5b0461239010.PNG	{Embed} | https://cdn.discordapp.com/attachments/461275582970462209/466771190648930305/pc_long_rearranged_onlydots.PNG | assets\pc_long_rearranged_onlydots-4dce5b0461239010.PNG
Playdead Unofficial - ARG - solving [461275582970462209].txt	78253	registration_geometry	Hey, been gone for awhile so excuse me if this is a stupid/ already answered question, has anybody tried taking the yellow sections of the acorn image that don't seem to match and rearrange them?	 | [2/17/2019 11:49 PM] nathe26 | Hey, been gone for awhile so excuse me if this is a stupid/ already answered question, has anybody tried taking the yellow sections of the acorn image that don't seem to match and rearrange them?
Playdead Unofficial - ARG - solving [461275582970462209].txt	78257	registration_geometry	what do you define as a section and what do you mean by rearranging	 | [2/17/2019 11:56 PM] algorythmm | what do you define as a section and what do you mean by rearranging
Playdead Unofficial - ARG - solving [461275582970462209].txt	78273	registration_geometry,physical_material	"yes, we're looking at the bottom half as the new puzzle (the puzzle within the puzzle). Although, I don't think anybody has tried ""rearranging"" it. If it's anything like the xbox puzzle, we won't need to re-arrange it, we'll just have to straight solve it."	" | [2/18/2019 12:03 AM] pitch_bright | yes, we're looking at the bottom half as the new puzzle (the puzzle within the puzzle). Although, I don't think anybody has tried ""rearranging"" it. If it's anything like the xbox puzzle, we won't need to re-arrange it, we'll just have to straight solve it."
Playdead Unofficial - ARG - solving [461275582970462209].txt	79428	registration_geometry	I dont think it would be a rearrange thing but I guess it could be	 | [2/27/2019 9:00 PM] algorythmm | I dont think it would be a rearrange thing but I guess it could be
Playdead Unofficial - ARG - solving [461275582970462209].txt	79667	registration_geometry	basically you'd be playing unscramble the message, where the message's letters have been rearranged in alphabetical order	 | [2/28/2019 4:03 AM] Deleted User | basically you'd be playing unscramble the message, where the message's letters have been rearranged in alphabetical order
Playdead Unofficial - ARG - solving [461275582970462209].txt	80387	registration_geometry	"What’s more, the people who work there got their minds so compartmentalized and inured to the situation, that they don’t even register you when you come right up to them in the control center. The only things they are capable of experiencing are mild anxiety and idle interest – even in the face of death by horrible creatures."""	"""You are inside a facility that not only commits unimaginable atrocities, not only does so in a cold detached manner, but does not really know itself WHY it commits them [...] |  | What’s more, the people who work there got their minds so compartmentalized and inured to the situation, that they don’t even register you when you come right up to them in the control center. The only things they are capable of experiencing are mild anxiety and idle interest – even in the face of death by horrible creatures."""
Playdead Unofficial - ARG - solving [461275582970462209].txt	81726	registration_geometry	B) The acorn is wrong and we need to refocus efforts on rearranging the PC codes to get something we can work with.	A) There is some way to decode the acorn that has eluded us for over a year. | OR | B) The acorn is wrong and we need to refocus efforts on rearranging the PC codes to get something we can work with.
Playdead Unofficial - ARG - solving [461275582970462209].txt	88118	registration_geometry	file just says PNG image data, 2048 x 4096, 8-bit/color RGBA, non-interlaced	 | [4/13/2019 7:13 PM] thingy1637 | file just says PNG image data, 2048 x 4096, 8-bit/color RGBA, non-interlaced
Playdead Unofficial - ARG - solving [461275582970462209].txt	120441	registration_geometry,symbols_codes,external_consumers,physical_material	INSIDE Printer - PC long - rearranged dots only - Pastebin.com	{Embed} | https://pastebin.com/DAfU67wV | INSIDE Printer - PC long - rearranged dots only - Pastebin.com
Playdead Unofficial - ARG - solving [461275582970462209].txt	121186	registration_geometry	@Deleted User don't know if I checked it before, but the domain has been registered on 2017-12-01	 | [4/18/2019 6:37 PM] thingy1637 | @Deleted User don't know if I checked it before, but the domain has been registered on 2017-12-01
Playdead Unofficial - ARG - solving [461275582970462209].txt	124967	registration_geometry,symbols_codes	But I think it's not likely that it's so complicated. The field of dots is 30x15 pixels big, maybe it needs to be rotated and then lines have to be rearranged again, I'm currently trying this.	 | [8/13/2019 5:50 PM] nh_cham | But I think it's not likely that it's so complicated. The field of dots is 30x15 pixels big, maybe it needs to be rotated and then lines have to be rearranged again, I'm currently trying this.
Playdead Unofficial - ARG - solving [461275582970462209].txt	131437	registration_geometry,symbols_codes,physical_material	"I see what you're saying, but I don't know that I would say ""confirms"". It's a pretty logical thing to do, to transpose the characters into dots. And it stands to reason that the old screens in the cover were monochrome, so the use of orange is just coincidental."	" | [1/15/2020 10:42 AM] pitch_bright | I see what you're saying, but I don't know that I would say ""confirms"". It's a pretty logical thing to do, to transpose the characters into dots. And it stands to reason that the old screens in the cover were monochrome, so the use of orange is just coincidental."
Playdead Unofficial - ARG - solving [461275582970462209].txt	135346	registration_geometry,symbols_codes	We have to rearrange all the faint dots to solve the Nut	 | [1/26/2020 2:06 PM] pitch_bright | We have to rearrange all the faint dots to solve the Nut
Playdead Unofficial - ARG - solving [461275582970462209].txt	135567	sticker_core,registration_geometry	so... I can imagine these things go together in a 3x3 grid	 | [1/26/2020 2:29 PM] pitch_bright | so... I can imagine these things go together in a 3x3 grid
Playdead Unofficial - ARG - solving [461275582970462209].txt	144939	registration_geometry	Holy crackers. Let's hope there was enough margin for error.	 | [3/17/2020 12:09 AM] santiface | Holy crackers. Let's hope there was enough margin for error.
Playdead Unofficial - ARG - solving [461275582970462209].txt	145041	registration_geometry,physical_material	And I found this post, where several people are showing off the Huddle, clearly showing that they have it. Now I managed to find the name of one guy who has it because he have the same name on Twitter. But I'm not able to register an account there. I get this message for some reason:	 | [3/17/2020 5:15 PM] raezores | And I found this post, where several people are showing off the Huddle, clearly showing that they have it. Now I managed to find the name of one guy who has it because he have the same name on Twitter. But I'm not able to register an account there. I get this message for some reason:
Playdead Unofficial - ARG - solving [461275582970462209].txt	145043	registration_geometry	"""This email provider is not permitted for registering an account on ResetEra at this time. Please understand that only non-disposable email accounts are permitted in order to grow a manageable and transparent community and also to keep the amount of potential spam accounts as low as possible."""	"And I found this post, where several people are showing off the Huddle, clearly showing that they have it. Now I managed to find the name of one guy who has it because he have the same name on Twitter. But I'm not able to register an account there. I get this message for some reason: |  | ""This email provider is not permitted for registering an account on ResetEra at this time. Please understand that only non-disposable email accounts are permitted in order to grow a manageable and transparent community and also to keep the amount of potential spam accounts as low as possible."""
Playdead Unofficial - ARG - solving [461275582970462209].txt	145058	registration_geometry	Someone said you need a paid email account to register, wtf	 | [3/17/2020 5:48 PM] raezores | Someone said you need a paid email account to register, wtf
Playdead Unofficial - ARG - solving [461275582970462209].txt	145161	registration_geometry	"Your account has been rejected for the following reason: No website at domain. Please register with a professional, academic, or ISP email."""	" | ""Oops! We ran into some problems. | Your account has been rejected for the following reason: No website at domain. Please register with a professional, academic, or ISP email."""
Playdead Unofficial - ARG - solving [461275582970462209].txt	145345	registration_geometry,physical_material	"Just for note. For people that doesn't know what am trying to do earlier. those guys require a person to have an active website (company, personal...etc) and an email address from the same site. Let's say if you have a site called ""raezores.com"" then you should register to their site with an email like this for example ""hello@raezores.com"". That mean they will check if your email address's domain have a actual active website on the internet. So, they will try to visit ""raezores.com"". Then they will allow you to join based on that. I was going to buy a domain. A perfect place to by a cheap domain is namecheap.com. This site allows you to host a mailbox with your domain name just like a normal gmail mailbox but with your domain like this ""hello@raezores.com"". Then we can host the site for free an a site called netlify.com. The site allows you to host as many websites as you want for free with a custom domain name. Netlify.com allows you to connect any domain name from namecheap.com witho"	" | [3/18/2020 11:51 AM] biscy. | Just for note. For people that doesn't know what am trying to do earlier. those guys require a person to have an active website (company, personal...etc) and an email address from the same site. Let's say if you have a site called ""raezores.com"" then you should register to their site with an email like this for example ""hello@raezores.com"". That mean they will check if your email address's domain have a actual active website on the internet. So, they will try to visit ""raezores.com"". Then they will allow you to join based on that. I was going to buy a domain. A perfect place to by a cheap domain is namecheap.com. This site allows you to host a mailbox with your domain name just like a normal gmail mailbox but with your domain like this ""hello@raezores.com"". Then we can host the site for free an a site called netlify.com. The site allows you to host as many websites as you want for free with a custom domain name. Netlify.com allows you to connect any domain name from namecheap.com without any costs. That way we can have a live site on netlify.com and a mailbox on namecheap.com. That's all. The site shouldn't be personal only. We can make a site that represent this discord server for example which looks more convenient 🤷‍♂️. A lot of discord servers does that these days."
Playdead Unofficial - ARG - solving [461275582970462209].txt	145393	registration_geometry	Just tell me where to register and I'll use a email from a domain	 | [3/18/2020 2:57 PM] elronodelp | Just tell me where to register and I'll use a email from a domain
Playdead Unofficial - ARG - solving [461275582970462209].txt	151994	registration_geometry	The Running Man is 30x15... if you don't count the margins	 | [3/25/2020 8:21 PM] pitch_bright | The Running Man is 30x15... if you don't count the margins
Playdead Unofficial - ARG - solving [461275582970462209].txt	158378	sticker_core	There are 9 images which form a 3x3 picture. Each square is given a letter so we can know which square we're talking about	 | [4/9/2020 7:05 PM] athelas. | There are 9 images which form a 3x3 picture. Each square is given a letter so we can know which square we're talking about
Playdead Unofficial - ARG - solving [461275582970462209].txt	172927	registration_geometry	"Row 25 is only one character transposed from spelling the word ""LIFE"" already."	"If on a single line I think row 25 is a good place to start.  |  | Row 25 is only one character transposed from spelling the word ""LIFE"" already."
Playdead Unofficial - ARG - solving [461275582970462209].txt	173122	registration_geometry	"do this... find the order you would need to see ""DETECTED""... and then rearrange the lines to suit that"	" | [4/26/2020 1:19 AM] pitch_bright | do this... find the order you would need to see ""DETECTED""... and then rearrange the lines to suit that"
Playdead Unofficial - ARG - solving [461275582970462209].txt	173971	registration_geometry	it occurred to me that the first and laster characters of each string could be margins	 | [4/26/2020 2:27 AM] pitch_bright | it occurred to me that the first and laster characters of each string could be margins
Playdead Unofficial - ARG - solving [461275582970462209].txt	173975	registration_geometry	and then i counted the frequency of the characters in the margins	 | [4/26/2020 2:28 AM] pitch_bright | and then i counted the frequency of the characters in the margins
Playdead Unofficial - ARG - solving [461275582970462209].txt	174033	registration_geometry	things without a right margin??	 | [4/26/2020 2:33 AM] aperson1 | things without a right margin??
Playdead Unofficial - ARG - solving [461275582970462209].txt	174132	registration_geometry	i'm not seeing any DETECTED in the rearrangement	 | [4/26/2020 2:38 AM] aperson1 | i'm not seeing any DETECTED in the rearrangement
Playdead Unofficial - ARG - solving [461275582970462209].txt	176342	registration_geometry,symbols_codes,external_consumers,physical_material	From what I've seen of the solved puzzles and what the amazingly hard working code crackers here have done, each encoding has been unique some from text in-game, some from the morse printer, some from the website with the printer icon. So the only common thread to possibly find would be to identify what sphere of encoding has sparked Playdead's interests and what similar methods would likely be in use. There's some margin of error, because all the puzzles haven't been solved. One mistake in processing a piece can throw off the whole message as well so even being on the right track can lead to a dead end.	There are a lot of different ways of hiding information. The the first split happening at physical or digital, digital encoding can be anything from an image needing certain portions added or eliminated, singular colours, specific patterns, then there's contrast to find things out of place that blend well, then there's audio that can be hidden in the image of a soundwave, audio clips forming an image, text that can be put through hex, binary and morse among other unconventional languages.  | The second path on that is pen-to-paper codes, this includes field ciphers used by the military to encode messages, working on the principal that if you have a keyword you can decode a message from text using a simple grid of letters, but the list goes on when it comes to decoding text on paper, the variations on the norm alone can make a big difference, transposition, disrupted transposition, fractionation, the list goes on. | From what I've seen of the solved puzzles and what the amazingly hard working code crackers here have done, each encoding has been unique some from text in-game, some from the morse printer, some from the website with the printer icon. So the only common thread to possibly find would be to identify what sphere of encoding has sparked Playdead's interests and what similar methods would likely be in use. There's some margin of error, because all the puzzles haven't been solved. One mistake in processing a piece can throw off the whole message as well so even being on the right track can lead to a dead end.
Playdead Unofficial - ARG - solving [461275582970462209].txt	176456	sticker_core,registration_geometry	@Silverfish It could totally be that, but if that does end up being the case, the devs would've had to depend on everyone saving their sticker and not throwing it out like I'm sure some have, they'd also be depending on all of them being bought and they haven't been by a substantial margin. But like I said its not in our control how many are bought or lost. That would be really interesting if all the stickers had a message, but I feel like there'd be a failsafe somewhere to get that information if it were lost.	 | [4/29/2020 7:08 PM] fortisfortemlucem | @Silverfish It could totally be that, but if that does end up being the case, the devs would've had to depend on everyone saving their sticker and not throwing it out like I'm sure some have, they'd also be depending on all of them being bought and they haven't been by a substantial margin. But like I said its not in our control how many are bought or lost. That would be really interesting if all the stickers had a message, but I feel like there'd be a failsafe somewhere to get that information if it were lost.
Playdead Unofficial - ARG - solving [461275582970462209].txt	176457	period_prediction	Seriously don't underestimate yourself, every little bit counts, they've done a lot and catching up is rough, I've been trying to read it all. Don't be no stranger, if you have ideas have a go, if you can try something, try it, more info is more info, but there'll be repeats if you do a me and start talking before you catch up	[4/29/2020 7:08 PM] fortisfortemlucem | @Silverfish It could totally be that, but if that does end up being the case, the devs would've had to depend on everyone saving their sticker and not throwing it out like I'm sure some have, they'd also be depending on all of them being bought and they haven't been by a substantial margin. But like I said its not in our control how many are bought or lost. That would be really interesting if all the stickers had a message, but I feel like there'd be a failsafe somewhere to get that information if it were lost. | Seriously don't underestimate yourself, every little bit counts, they've done a lot and catching up is rough, I've been trying to read it all. Don't be no stranger, if you have ideas have a go, if you can try something, try it, more info is more info, but there'll be repeats if you do a me and start talking before you catch up
Playdead Unofficial - ARG - solving [461275582970462209].txt	182155	sticker_core,registration_geometry	I guess it completely depends on how much redundancy there is. If the code is something like 10 characters long, that gives plenty of margin for lost stickers.	 | [6/5/2020 5:11 PM] santiface | I guess it completely depends on how much redundancy there is. If the code is something like 10 characters long, that gives plenty of margin for lost stickers.
Playdead Unofficial - ARG - solving [461275582970462209].txt	185625	registration_geometry	Any ideas on how to rearrange? Is there an order for the strings in codes.txt? 	 | [6/25/2020 1:50 AM] Deleted User | Any ideas on how to rearrange? Is there an order for the strings in codes.txt? 
Playdead Unofficial - ARG - solving [461275582970462209].txt	185646	registration_geometry	As in I didn’t see any patterns. But if there’s no ordering to the strings then that’s no surprise cus I didn’t rearrange	 | [6/25/2020 2:00 AM] Deleted User | As in I didn’t see any patterns. But if there’s no ordering to the strings then that’s no surprise cus I didn’t rearrange
Playdead Unofficial - ARG - solving [461275582970462209].txt	188678	registration_geometry	the acorn has margins on both sides, as does the 41	 | [6/30/2020 7:29 PM] pitch_bright | the acorn has margins on both sides, as does the 41
Playdead Unofficial - ARG - solving [461275582970462209].txt	188682	registration_geometry,symbols_codes	whereas the Running Man dots use those margins	 | [6/30/2020 7:29 PM] pitch_bright | whereas the Running Man dots use those margins
Playdead Unofficial - ARG - solving [461275582970462209].txt	189962	registration_geometry	I took the 42 acorn image as the hint that we should rearrange the 41 acorn so that it's split the same, like different parts of the acorn in different images, I also made a 32 x 32 pixel recreation. why? hell if i know: https://cdn.discordapp.com/attachments/647909756530589696/729277414710050906/nutt32.png	I've been fucking around with the acorn and the acorn42 image for the last few hours as i have nothing to do and need to fix my sleep schedule: |  | I took the 42 acorn image as the hint that we should rearrange the 41 acorn so that it's split the same, like different parts of the acorn in different images, I also made a 32 x 32 pixel recreation. why? hell if i know: https://cdn.discordapp.com/attachments/647909756530589696/729277414710050906/nutt32.png
Playdead Unofficial - ARG - solving [461275582970462209].txt	189964	registration_geometry	"Anyway, I am currently trying to overlay those yellow pixels on the ""ford cipher"" text on the 42 acorn, but idk if we're actually supposed to do that at all, but I feel like im getting interesting(?) results:"	"I took the 42 acorn image as the hint that we should rearrange the 41 acorn so that it's split the same, like different parts of the acorn in different images, I also made a 32 x 32 pixel recreation. why? hell if i know: https://cdn.discordapp.com/attachments/647909756530589696/729277414710050906/nutt32.png |  | Anyway, I am currently trying to overlay those yellow pixels on the ""ford cipher"" text on the 42 acorn, but idk if we're actually supposed to do that at all, but I feel like im getting interesting(?) results:"
Playdead Unofficial - ARG - solving [461275582970462209].txt	190182	registration_geometry	They aren't rearranged like mixed race couple's suggestion. Though I think that's a good idea too	 | [7/5/2020 3:09 PM] Deleted User | They aren't rearranged like mixed race couple's suggestion. Though I think that's a good idea too
Playdead Unofficial - ARG - solving [461275582970462209].txt	190357	registration_geometry,symbols_codes	*If* you split the dots into 3 blocks of 5 rows, and view it as a punch card following the International Telegraph Alphabet.  *And* you know what you are looking for, then you can pick the letters you want out, and with a bit of rearranging can spell LIFEDETECTE 	[7/6/2020 5:32 AM] bob_blib | Hmmm. | *If* you split the dots into 3 blocks of 5 rows, and view it as a punch card following the International Telegraph Alphabet.  *And* you know what you are looking for, then you can pick the letters you want out, and with a bit of rearranging can spell LIFEDETECTE 
Playdead Unofficial - ARG - solving [461275582970462209].txt	196385	registration_geometry	Hmm that's also a thought, maybe the lines are supposed to be rearranged?	 | [12/14/2020 9:12 PM] raezores | Hmm that's also a thought, maybe the lines are supposed to be rearranged?
Playdead Unofficial - ARG - solving [461275582970462209].txt	196603	registration_geometry	@Raezores you may wanna play with that link to see if you can rearrange the lines to make things from them	 | [12/16/2020 2:10 PM] pitch_bright | @Raezores you may wanna play with that link to see if you can rearrange the lines to make things from them
Playdead Unofficial - ARG - solving [461275582970462209].txt	197091	registration_geometry	Yours is the highest number we've got by a big enough margin	 | [1/11/2021 7:04 PM] santiface | Yours is the highest number we've got by a big enough margin
Playdead Unofficial - ARG - solving [461275582970462209].txt	204608	sticker_core	Our images before were usually squares (or always?), and I was worried that 108 is not a square number, but maybe only the first 81 bits form the image. Since there are 3 symbols, and the stickers had 9 different background images, arranged in a 3x3 square for the solution to the other puzzle, 81+27 seem like nice numbers, all powers of 3.	 | [1/26/2022 10:04 AM] darkmatter_11 | Our images before were usually squares (or always?), and I was worried that 108 is not a square number, but maybe only the first 81 bits form the image. Since there are 3 symbols, and the stickers had 9 different background images, arranged in a 3x3 square for the solution to the other puzzle, 81+27 seem like nice numbers, all powers of 3.
Playdead Unofficial - ARG - solving [461275582970462209].txt	207487	sticker_core,period_prediction	basically if u assume it repeats every 108 characters and then display it as a 12x9 image u get that	 | [12/22/2022 10:22 PM] lime8159 | basically if u assume it repeats every 108 characters and then display it as a 12x9 image u get that
Playdead Unofficial - ARG - solving [461275582970462209].txt	207503	sticker_core,registration_geometry,period_prediction	whether it's an image or not isn't rly the point tbh, the image was just to indicate that it's probably supposed to be interpreted as 12x9 matrix	 | [12/22/2022 10:24 PM] lime8159 | whether it's an image or not isn't rly the point tbh, the image was just to indicate that it's probably supposed to be interpreted as 12x9 matrix
Playdead Unofficial - ARG - solving [461275582970462209].txt	207695	registration_geometry,period_prediction	i'd also probably rule off rearranging any potential image	 | [12/22/2022 10:45 PM] gs_base | i'd also probably rule off rearranging any potential image
Playdead Unofficial - ARG - solving [461275582970462209].txt	207711	sticker_core	yh, 12x9 is just too small	 | [12/22/2022 10:46 PM] lime8159 | yh, 12x9 is just too small
Playdead Unofficial - ARG - solving [461275582970462209].txt	207984	registration_geometry	could be that we need to rearrange the rows like acorn 41, maybe one yellow is at the top the other is at the bottom	 | [12/22/2022 11:46 PM] lime8159 | could be that we need to rearrange the rows like acorn 41, maybe one yellow is at the top the other is at the bottom
Playdead Unofficial - ARG - solving [461275582970462209].txt	208134	sticker_core	not sure, i just put this here for the sake of it, i'm still more convinced it's supposed to be a 12x9	 | [12/23/2022 7:20 PM] lime8159 | not sure, i just put this here for the sake of it, i'm still more convinced it's supposed to be a 12x9
Playdead Unofficial - ARG - solving [461275582970462209].txt	208146	sticker_core	yh same with the 9x1 row though in the other one, also in the 12x9 each column corresponds to symbols with one of the 9 patterns, which kinda reinforces it further	 | [12/23/2022 7:22 PM] lime8159 | yh same with the 9x1 row though in the other one, also in the 12x9 each column corresponds to symbols with one of the 9 patterns, which kinda reinforces it further
Playdead Unofficial - ARG - solving [461275582970462209].txt	208277	registration_geometry,period_prediction	rearranging the top 9x9 grid to account for the repeating pattern got me this	 | [12/23/2022 9:24 PM] gs_base | rearranging the top 9x9 grid to account for the repeating pattern got me this
Playdead Unofficial - ARG - solving [461275582970462209].txt	209967	registration_geometry,external_consumers,physical_material,period_prediction	Taken from the GitHub: «For instance, if the string was of 10 characters long, it could have been repeated 50 times to give it a very good margin of error. However, so far the printer strings have been far longer than that (often 32 characters long, across many lines).»	 | [2/10/2023 3:07 AM] raezores | Taken from the GitHub: «For instance, if the string was of 10 characters long, it could have been repeated 50 times to give it a very good margin of error. However, so far the printer strings have been far longer than that (often 32 characters long, across many lines).»
Playdead Unofficial - ARG - solving [461275582970462209].txt	210178	registration_geometry	Actually the first registered lost one, 9th of january 2020, must have been right before I joined	 | [2/13/2023 8:32 PM] raezores | Actually the first registered lost one, 9th of january 2020, must have been right before I joined
Playdead Unofficial - ARG - solving [461275582970462209].txt	210208	sticker_core,registration_geometry,period_prediction	Just assumptions, but the eBay ones probably won't answer as they want privacy for their customers 🤔 Pretty sure unknown 1 is gone. About the ones I didn't reach out to (where someone else did), I think it's best to ask them, because I don't know if they got some final confirmation. U11 hasn't seen my last message yet I think. I'm following up on U12 and U14. U15 is not sure if he threw it out or, but he thought so, so that one I have registered as unknown. Gotta update U16 as well as U28, as Andreas at Playdead confirmed to me some short time ago that they didn't have a sticker	 | [2/13/2023 9:07 PM] raezores | Just assumptions, but the eBay ones probably won't answer as they want privacy for their customers 🤔 Pretty sure unknown 1 is gone. About the ones I didn't reach out to (where someone else did), I think it's best to ask them, because I don't know if they got some final confirmation. U11 hasn't seen my last message yet I think. I'm following up on U12 and U14. U15 is not sure if he threw it out or, but he thought so, so that one I have registered as unknown. Gotta update U16 as well as U28, as Andreas at Playdead confirmed to me some short time ago that they didn't have a sticker
Playdead Unofficial - ARG - solving [461275582970462209].txt	210807	sticker_core	is there any chance it might just be 8 bit encoding?, I hadn't rly tried it before cos i kept thinking it was a 9x12 but makes a bit more sense if it's a 10x10 and we ignore the two yellow rows	 | [3/2/2023 8:00 PM] lime8159 | is there any chance it might just be 8 bit encoding?, I hadn't rly tried it before cos i kept thinking it was a 9x12 but makes a bit more sense if it's a 10x10 and we ignore the two yellow rows
Playdead Unofficial - ARG - solving [461275582970462209].txt	211701	registration_geometry	I guess if rearranged, it could become RESEARCH ORGANIZATION or DESIGN something, but idk	 | [3/31/2023 2:11 PM] raezores | I guess if rearranged, it could become RESEARCH ORGANIZATION or DESIGN something, but idk
Playdead Unofficial - ARG - solving [461275582970462209].txt	213410	sticker_core,registration_geometry,symbols_codes	if you put them into 3x3 grids such that they would complete the nine piece puzzle, you get these twelve squares (slashes are red, dashes are blue, dots are orange, black is unknown)	 | [10/12/2023 11:18 PM] randomisedtv | if you put them into 3x3 grids such that they would complete the nine piece puzzle, you get these twelve squares (slashes are red, dashes are blue, dots are orange, black is unknown)
Playdead Unofficial - ARG - solving [461275582970462209].txt	213421	sticker_core	ah, nm i see, u did 3x3s	 | [10/13/2023 5:43 AM] lime8159 | ah, nm i see, u did 3x3s
Playdead Unofficial - ARG - solving [461275582970462209].txt	213425	sticker_core	if ur interested, u could maybe look into decoding each square into a letter, as each 3x3 has 27 combinations which u could map to 26 letters	 | [10/13/2023 5:50 AM] lime8159 | if ur interested, u could maybe look into decoding each square into a letter, as each 3x3 has 27 combinations which u could map to 26 letters
Playdead Unofficial - ARG - solving [461275582970462209].txt	214512	sticker_core,registration_geometry,symbols_codes,external_consumers,physical_material	finding something in the game, rearranging strings to form an image, making squares from strings, getting Game of Life pattern, overlaying pixels, Braille, Morse code, disconnecting Switch controllers, Polybius cipher, overlaying strings onto poem, pressing a printer button on the website, finding something on Google, going to websites on terminal41, binary code, turning colors into binary, taking alpha channel of image, turning image of waveform into sound, isolating specific colors in image, overlaying images, reversing SHA-256 hashes, converting string into BMP, collecting stickers, putting together sticker backgrounds into an image	"Interestingly, most of the puzzles so far have been much less technical actually. The only ""cipher"" was the Polybius cipher (turning 14-42-54-55 into a 5x5 square of letters), and the most technical puzzle was the :acorn42: BMP (because we had to fix the encoding from UTF-8 to ANSI, and replace space with NUL characters). I looked through the ARG and these are all the solved puzzle types and steps so far: |  | finding something in the game, rearranging strings to form an image, making squares from strings, getting Game of Life pattern, overlaying pixels, Braille, Morse code, disconnecting Switch controllers, Polybius cipher, overlaying strings onto poem, pressing a printer button on the website, finding something on Google, going to websites on terminal41, binary code, turning colors into binary, taking alpha channel of image, turning image of waveform into sound, isolating specific colors in image, overlaying images, reversing SHA-256 hashes, converting string into BMP, collecting stickers, putting together sticker backgrounds into an image"
Playdead Unofficial - ARG - solving [461275582970462209].txt	215693	sticker_core,registration_geometry	I think we had this seller before, or am I recalling wrong? Anyways theres a new listing on Ebay here, but looks like the sticker is gone? Can someone check in the GitHub sticker list against his name on Ebay if we already have registered this person in our documentation or not? https://ebay.us/m/Kkngyt	 | [6/17/2025 11:50 AM] raezores | I think we had this seller before, or am I recalling wrong? Anyways theres a new listing on Ebay here, but looks like the sticker is gone? Can someone check in the GitHub sticker list against his name on Ebay if we already have registered this person in our documentation or not? https://ebay.us/m/Kkngyt
Playdead Unofficial - ARG - solving [461275582970462209].txt	216097	sticker_core	no idea tbh, other than the code being 108 characters long, i don't think we really know much. I usually format it as 12x9 pixel image for visual purposes, but i don't know if that's how it's supposed to actually be interpreted	 | [10/14/2025 2:08 PM] lime8159 | no idea tbh, other than the code being 108 characters long, i don't think we really know much. I usually format it as 12x9 pixel image for visual purposes, but i don't know if that's how it's supposed to actually be interpreted
Playdead Unofficial - ARG - solving [461275582970462209].txt	216361	sticker_core	thinking a bit on the number 108... its factorization is 108x1, 54x2, 36x3, 27x4, 18x6, 12x9. its prime factorization is 2^2 x 3^3. im a little hesitant to dip too far into the numerology here for worry of getting lost in the sauce but the fact that it has such small prime factors is pretty unusual. this particular number also has significance in the dharmic religions as a number symbolizing completeness or the universe at large, very similar to 7 being considered a significant number in ancient western religion and culture, but ultimately also originating indirectly from just how many factors it has, more than any number smaller than it	 | [10/26/2025 7:57 AM] aperson1 | thinking a bit on the number 108... its factorization is 108x1, 54x2, 36x3, 27x4, 18x6, 12x9. its prime factorization is 2^2 x 3^3. im a little hesitant to dip too far into the numerology here for worry of getting lost in the sauce but the fact that it has such small prime factors is pretty unusual. this particular number also has significance in the dharmic religions as a number symbolizing completeness or the universe at large, very similar to 7 being considered a significant number in ancient western religion and culture, but ultimately also originating indirectly from just how many factors it has, more than any number smaller than it
Playdead Unofficial - ARG - solving [461275582970462209].txt	216365	sticker_core	maybe its just as simple as making a 9x12 or 6x18 image as bhkr has been reasonably interpreting it though, and it has no more significance than that	 | [10/26/2025 7:59 AM] aperson1 | maybe its just as simple as making a 9x12 or 6x18 image as bhkr has been reasonably interpreting it though, and it has no more significance than that
Playdead Unofficial - ARG - solving [461275582970462209].txt	220465	sticker_core	"Looking into configurations for the sticker puzzle again. In the 12x9, the first column is filled and also happens to be the ascii for ""1"" when read down."	" | [5/9/2026 9:16 PM] lime8159 | Looking into configurations for the sticker puzzle again. In the 12x9, the first column is filled and also happens to be the ascii for ""1"" when read down."
Playdead Unofficial - ARG - solving [461275582970462209].txt	220504	sticker_core	I think it's more likely 9x12, that way it would be 9x9 square from red rows and last three would be for yellow ones.	 | [5/10/2026 6:10 AM] eropkol | I think it's more likely 9x12, that way it would be 9x9 square from red rows and last three would be for yellow ones.
Playdead Unofficial - ARG - solving [461275582970462209].txt	220505	sticker_core	"This way image could be twelve 3x3 squares, 9 is with ""/"" and ""-"", and 3 is with ""."" and ""-""."	"[5/10/2026 6:10 AM] eropkol | I think it's more likely 9x12, that way it would be 9x9 square from red rows and last three would be for yellow ones. | This way image could be twelve 3x3 squares, 9 is with ""/"" and ""-"", and 3 is with ""."" and ""-""."
Playdead Unofficial - ARG - solving [461275582970462209].txt	220638	sticker_core	assets\layout_09x12_raw-fd795323b9294a29.png	assets\layout_04x27_raw-378391683a411b3c.png | assets\layout_06x18_raw-115d34e5b50ec2a0.png | assets\layout_09x12_raw-fd795323b9294a29.png
Playdead Unofficial - ARG - solving [461275582970462209].txt	220686	sticker_core,period_prediction	I think the most promising are probably 6x18, 9x12, 12x9, and 27x4	 | [5/11/2026 10:38 AM] lime8159 | I think the most promising are probably 6x18, 9x12, 12x9, and 27x4
Playdead Unofficial - ARG - solving [461275582970462209].txt	220717	sticker_core,registration_geometry,period_prediction	"I made a ""predicted"" version of the 9x12 sticker grid by filling in the missing cells with my best guess"	" | [5/11/2026 10:56 AM] kappa_neuro | I made a ""predicted"" version of the 9x12 sticker grid by filling in the missing cells with my best guess"
Playdead Unofficial - ARG - solving [461275582970462209].txt	220718	sticker_core,period_prediction	And i tried to fill in all the missing stickers.	"[5/11/2026 10:56 AM] kappa_neuro | I made a ""predicted"" version of the 9x12 sticker grid by filling in the missing cells with my best guess | And i tried to fill in all the missing stickers."
Playdead Unofficial - ARG - solving [461275582970462209].txt	220740	sticker_core,registration_geometry	Zero conflicts. So the 9x12 or 12x9 grid is mathematically the right size	108 is the confirmed period of the chain | Every sticker at the same position mod 108 has the same color across the whole 80-sticker dataset | Zero conflicts. So the 9x12 or 12x9 grid is mathematically the right size
Playdead Unofficial - ARG - solving [461275582970462209].txt	220742	sticker_core	Half of 108 is 54. I tried mod 54 as a heuristic, guessing there might also be inner symmetry at half-distance inside each 108 block 	Zero conflicts. So the 9x12 or 12x9 grid is mathematically the right size |  | Half of 108 is 54. I tried mod 54 as a heuristic, guessing there might also be inner symmetry at half-distance inside each 108 block 
Playdead Unofficial - ARG - solving [461275582970462209].txt	220980	sticker_core,registration_geometry	Six grid layouts (9x12, 12x9, 6x18, 18x6, 4x27, 27x4). 	Any view saves as PNG with title, subtitle and legend, cell size up to 256 px.  | Five languages built in (EN, RU, DE, IT, DA).  | Six grid layouts (9x12, 12x9, 6x18, 18x6, 4x27, 27x4). 
Playdead Unofficial - ARG - solving [461275582970462209].txt	220990	sticker_core	assets\1_with_legend_known_only_9x12_cs256-8b0139533f67b22f.png	 | {Attachments} | assets\1_with_legend_known_only_9x12_cs256-8b0139533f67b22f.png
Playdead Unofficial - ARG - solving [461275582970462209].txt	220991	sticker_core,period_prediction	assets\2_with_legend_multi_period_9x12_cs256-20d764b96a80e40d.png	{Attachments} | assets\1_with_legend_known_only_9x12_cs256-8b0139533f67b22f.png | assets\2_with_legend_multi_period_9x12_cs256-20d764b96a80e40d.png
Playdead Unofficial - ARG - solving [461275582970462209].txt	220992	sticker_core,period_prediction	assets\3_with_legend_confidence_heatmap_9x12_cs25-0a0e602dce9734e8.png	assets\1_with_legend_known_only_9x12_cs256-8b0139533f67b22f.png | assets\2_with_legend_multi_period_9x12_cs256-20d764b96a80e40d.png | assets\3_with_legend_confidence_heatmap_9x12_cs25-0a0e602dce9734e8.png
Playdead Unofficial - ARG - solving [461275582970462209].txt	220993	sticker_core	assets\4_with_legend_pattern_mod54_9x12_cs256-282fa277ca7f394b.png	assets\2_with_legend_multi_period_9x12_cs256-20d764b96a80e40d.png | assets\3_with_legend_confidence_heatmap_9x12_cs25-0a0e602dce9734e8.png | assets\4_with_legend_pattern_mod54_9x12_cs256-282fa277ca7f394b.png
Playdead Unofficial - ARG - solving [461275582970462209].txt	220994	sticker_core,period_prediction	assets\5_with_legend_prediction_cross_9x12_cs256-b0ba112769dd70da.png	assets\3_with_legend_confidence_heatmap_9x12_cs25-0a0e602dce9734e8.png | assets\4_with_legend_pattern_mod54_9x12_cs256-282fa277ca7f394b.png | assets\5_with_legend_prediction_cross_9x12_cs256-b0ba112769dd70da.png
Playdead Unofficial - ARG - solving [461275582970462209].txt	220995	sticker_core,period_prediction	assets\6_with_legend_prediction_zoned_9x12_cs256-14aeaf6eef4dd562.png	assets\4_with_legend_pattern_mod54_9x12_cs256-282fa277ca7f394b.png | assets\5_with_legend_prediction_cross_9x12_cs256-b0ba112769dd70da.png | assets\6_with_legend_prediction_zoned_9x12_cs256-14aeaf6eef4dd562.png
Playdead Unofficial - ARG - solving [461275582970462209].txt	220996	sticker_core	assets\7_with_legend_hard_residues_9x12_cs256-ac19d1b22c0ccdc9.png	assets\5_with_legend_prediction_cross_9x12_cs256-b0ba112769dd70da.png | assets\6_with_legend_prediction_zoned_9x12_cs256-14aeaf6eef4dd562.png | assets\7_with_legend_hard_residues_9x12_cs256-ac19d1b22c0ccdc9.png
Playdead Unofficial - ARG - solving [461275582970462209].txt	221384	registration_geometry	Ohhhh i see because its trying to be read in UTF-8 not ANSI it registers some of the encoding as a leading byte and not individually?	 | [7/21/2026 1:40 PM] nuggets4321 | Ohhhh i see because its trying to be read in UTF-8 not ANSI it registers some of the encoding as a leading byte and not individually?
Playdead Unofficial - ARG - solving-breakout [463106924708233216].txt	3852	sticker_core,period_prediction	stickers as a 3x36, looks kinda like smthn but probably not	 | [12/23/2022 6:14 PM] lime8159 | stickers as a 3x36, looks kinda like smthn but probably not
Playdead Unofficial - ARG - solving-breakout [463106924708233216].txt	4215	sticker_core,period_prediction	im kinda confident that its supposed to repeat at 108, but it may not be a 12x9, probably better to just assume we don't know the dimensions	 | [12/24/2022 11:27 PM] lime8159 | im kinda confident that its supposed to repeat at 108, but it may not be a 12x9, probably better to just assume we don't know the dimensions
Playdead Unofficial - ARG - solving-breakout [463106924708233216].txt	4327	sticker_core	currently trying the trifid cipher on the stickers in a 3x36 format, so each column should correspond to a letter, but the problem is we only have about 7 filled columns.	 | [12/30/2022 6:24 PM] lime8159 | currently trying the trifid cipher on the stickers in a 3x36 format, so each column should correspond to a letter, but the problem is we only have about 7 filled columns.
Playdead Unofficial - ARG - solving-breakout [463106924708233216].txt	4777	registration_geometry	"then you can rearrange it into ""ors bug"""	" | [8/30/2023 3:25 PM] polariz1 | then you can rearrange it into ""ors bug"""
Playdead Unofficial - ARG - solving-breakout [463106924708233216].txt	4808	registration_geometry	potentially, but removing letters and then rearranging seems a bit convoluted,	 | [8/30/2023 6:58 PM] lime8159 | potentially, but removing letters and then rearranging seems a bit convoluted,
Playdead Unofficial - ARG - solving-breakout [463106924708233216].txt	7030	registration_geometry	Give me 10 mins I’m not at my computer. There is also a chance that AHK moves faster than the game can register which would mean that it skips lever pulls and could accidentally hit the right code. I did a speed test early on but for lengthy codes it’s a possibility.	 | [10/25/2023 7:31 PM] bigdusty. | Give me 10 mins I’m not at my computer. There is also a chance that AHK moves faster than the game can register which would mean that it skips lever pulls and could accidentally hit the right code. I did a speed test early on but for lengthy codes it’s a possibility.
Playdead Unofficial - ARG - solving-breakout [463106924708233216].txt	7034	registration_geometry,external_consumers	hmm okay, but every time I did check with sound on briefly, it sounded like all the inputs was registered 🤔 not sure tho	 | [10/25/2023 7:32 PM] raezores | hmm okay, but every time I did check with sound on briefly, it sounded like all the inputs was registered 🤔 not sure tho
Playdead Unofficial - ARG - solving-breakout [463106924708233216].txt	7122	registration_geometry,external_consumers	it's possible that there's a difference between the inputted commands and what the game registers	 | [10/26/2023 3:48 AM] aperson1 | it's possible that there's a difference between the inputted commands and what the game registers
Playdead Unofficial - ARG - solving-breakout [463106924708233216].txt	7270	registration_geometry	Unregistered hypercam	 | [10/26/2023 6:39 PM] justoniothesnake | Unregistered hypercam
Playdead Unofficial - ARG - solving-breakout [463106924708233216].txt	7334	registration_geometry,period_prediction	in fact these 13 long almost right codes are everywhere in this section, repeats of them as well. What this tells me is that I did a lever speed pull test on my computer, and really each computer may be different. each lever pull registers for me with a 225ms delay inbetween button presses. yours may have to be 250ms or something. I just assumed that it was hard written into the code of the game.	 | [10/26/2023 7:28 PM] bigdusty. | in fact these 13 long almost right codes are everywhere in this section, repeats of them as well. What this tells me is that I did a lever speed pull test on my computer, and really each computer may be different. each lever pull registers for me with a 225ms delay inbetween button presses. yours may have to be 250ms or something. I just assumed that it was hard written into the code of the game.
Playdead Unofficial - ARG - solving-breakout [463106924708233216].txt	7398	registration_geometry	if it's a lot of L's in a row, it's not just holding L and registering it as one lever pull	 | [10/26/2023 8:17 PM] aperson1 | if it's a lot of L's in a row, it's not just holding L and registering it as one lever pull
Playdead Unofficial - ARG - solving-breakout [463106924708233216].txt	8010	sticker_core	i might check again tomorrow as i dont think i tried 3x36 instead	 | [10/29/2023 4:12 PM] lime8159 | i might check again tomorrow as i dont think i tried 3x36 instead
Playdead Unofficial - ARG - solving-breakout [463106924708233216].txt	8047	registration_geometry	the density of red is lower than grey by a good margin and judging by other puzzles that seems to be what they usually go off	 | [10/29/2023 5:33 PM] aperson1 | the density of red is lower than grey by a good margin and judging by other puzzles that seems to be what they usually go off
Playdead Unofficial - ARG - solving-breakout [463106924708233216].txt	9761	sticker_core,registration_geometry,historical_paths	not sure if this has been discussed already but wondering if the sticker puzzle may need to be transposed similar to the 534brn puzzle	 | [11/2/2025 6:46 PM] lime8159 | not sure if this has been discussed already but wondering if the sticker puzzle may need to be transposed similar to the 534brn puzzle
Playdead Unofficial - ARG - solving-breakout [463106924708233216].txt	9772	sticker_core,registration_geometry	split each 3x3 into a cell and shift them around till they resemble something	 | [11/2/2025 6:47 PM] lime8159 | split each 3x3 into a cell and shift them around till they resemble something
Playdead Unofficial - ARG - solving-breakout [463106924708233216].txt	10600	registration_geometry	So some new ideas or thoughts, thanks to help with AI, gave it the latest image of what we currently have. From there it rearranged stuff and imagined what it’s most likely to be after collapsing spaces and combining stuff. So just posting here to get some ideas and thoughts rolling.	 | [12/30/2025 8:38 PM] raezores | So some new ideas or thoughts, thanks to help with AI, gave it the latest image of what we currently have. From there it rearranged stuff and imagined what it’s most likely to be after collapsing spaces and combining stuff. So just posting here to get some ideas and thoughts rolling.
Playdead Unofficial - ARG - solving-breakout [463106924708233216].txt	10602	physical_material	So the idea from this is that the solution could be the ARG’s solution is the Huddle itself. Why?	So some new ideas or thoughts, thanks to help with AI, gave it the latest image of what we currently have. From there it rearranged stuff and imagined what it’s most likely to be after collapsing spaces and combining stuff. So just posting here to get some ideas and thoughts rolling. |  | So the idea from this is that the solution could be the ARG’s solution is the Huddle itself. Why?
Playdead Unofficial - ARG - solving-breakout [463106924708233216].txt	11608	sticker_core,registration_geometry,symbols_codes	came across fractionated morse, a type of morse encoding where 3 symbols are used to encode the plaintext, it doesn't exactly fit the stickers puzzle because we have most of the dots at the end, but it could be possible if the puzzle needs to be rearranged first	 | [5/14/2026 12:59 PM] lime8159 | came across fractionated morse, a type of morse encoding where 3 symbols are used to encode the plaintext, it doesn't exactly fit the stickers puzzle because we have most of the dots at the end, but it could be possible if the puzzle needs to be rearranged first
Playdead Unofficial - ARG - solving-breakout [463106924708233216].txt	11686	sticker_core	that setup kinda fits with the stickers puzzle aswell, since we have 2 sets of symbol pairs, in the 9x12 orientation for example, it's possible that the first 9 bits encode 1 number, which represents the larger domain and the last 3 bits encode the second number, a smaller subset to pick from	 | [5/22/2026 4:32 PM] lime8159 | that setup kinda fits with the stickers puzzle aswell, since we have 2 sets of symbol pairs, in the 9x12 orientation for example, it's possible that the first 9 bits encode 1 number, which represents the larger domain and the last 3 bits encode the second number, a smaller subset to pick from
Playdead Unofficial - ARG - solving-breakout [463106924708233216].txt	11705	sticker_core	Also it’s 1 big square divided into 9 big main squares, each containing 9 squares inside of it as in 3x3. So total amount of squares ends up being 81.	I don’t know much about the game and how it works or could work with the stickers, but tried learning and it stuck to my mind. But like the stickers, Sudoku revolves around numbers from 1-9 like the letters A-I.  |  | Also it’s 1 big square divided into 9 big main squares, each containing 9 squares inside of it as in 3x3. So total amount of squares ends up being 81.
Playdead Unofficial - ARG - solving-breakout [463106924708233216].txt	11707	sticker_core,registration_geometry,physical_material	Interesting thing is Sudoku also consists of 27 total housings, as in rows, where there are 9 horizontal lines of cells. And columns where there are 9 vertical lines of cells. Last being boxes (or Blocks): The 9 distinct 3×3 square grids. If you add 27 onto 81, you get 108. Maybe someone in here is good with numbers, Sudoku, and potentially has ideas of what can be tested🤔	Also it’s 1 big square divided into 9 big main squares, each containing 9 squares inside of it as in 3x3. So total amount of squares ends up being 81. |  | Interesting thing is Sudoku also consists of 27 total housings, as in rows, where there are 9 horizontal lines of cells. And columns where there are 9 vertical lines of cells. Last being boxes (or Blocks): The 9 distinct 3×3 square grids. If you add 27 onto 81, you get 108. Maybe someone in here is good with numbers, Sudoku, and potentially has ideas of what can be tested🤔
Playdead Unofficial - ARG - solving-breakout [463106924708233216].txt	11729	sticker_core,registration_geometry,physical_material	The grid is also divided into nine smaller 3×3 boxes, and the numbers used in Sudoku are always 1–9.	It looks like this: | 9 rows × 9 columns = 81 squares. | The grid is also divided into nine smaller 3×3 boxes, and the numbers used in Sudoku are always 1–9.
Playdead Unofficial - ARG - solving-breakout [463106924708233216].txt	11732	sticker_core,physical_material,period_prediction	9 numbers, 9 rows, 9 columns, 9 smaller 3×3 boxes = 81 total squares. Now compare that with the stickers. We know there are 9 different images, A–I, and they repeat every 9 sticker numbers:	 | So basically the important numbers are: | 9 numbers, 9 rows, 9 columns, 9 smaller 3×3 boxes = 81 total squares. Now compare that with the stickers. We know there are 9 different images, A–I, and they repeat every 9 sticker numbers:
Playdead Unofficial - ARG - solving-breakout [463106924708233216].txt	11825	sticker_core,registration_geometry,symbols_codes,historical_paths	If this is really sudoku, I don't know how it will help us get the whole string, because it's (kinda) binary, but sudoku have 9 numbers. It may be some other grid game. I can see it's clearly have some relation to number 3, either from 3x3 blocks or something else. It also may be related to 534brn image, since it comes from the sticker puzzles too.	 | [8/10/2026 1:38 PM] eropkol | If this is really sudoku, I don't know how it will help us get the whole string, because it's (kinda) binary, but sudoku have 9 numbers. It may be some other grid game. I can see it's clearly have some relation to number 3, either from 3x3 blocks or something else. It also may be related to 534brn image, since it comes from the sticker puzzles too.
Playdead Unofficial - ARG - solving-breakout [463106924708233216].txt	12856	registration_geometry	Yeah, none of them are registered under the same person either, so I bet it was just a one off thing.	 | [9/22/2026 7:47 PM] pex.x | Yeah, none of them are registered under the same person either, so I bet it was just a one off thing.
Playdead Unofficial - ARG - tldr [462637922944811028].txt	73	registration_geometry	"The current hypothesis is that we have to rearrange the lines in a way that reveals a hidden message within the ""bell"" shape, as I like to call it."	" | [6/30/2018 8:05 PM] Deleted User | The current hypothesis is that we have to rearrange the lines in a way that reveals a hidden message within the ""bell"" shape, as I like to call it."
Playdead Unofficial - ARG - tldr [462637922944811028].txt	254	registration_geometry	"Rearranging the PC long strings into a particular order reveals the shape of an acorn, as well as the number ""41""."	"[7/11/2018 10:07 AM] Deleted User | Whoops, turns out nobody made a tldr post about this. | Rearranging the PC long strings into a particular order reveals the shape of an acorn, as well as the number ""41""."
Playdead Unofficial - General - inside [461275526716194818].txt	14571	registration_geometry	I'm guessing you've already tried rearranging the pc strings to form a different image?	 | [4/11/2019 7:01 PM] faris639 | I'm guessing you've already tried rearranging the pc strings to form a different image?
Playdead Unofficial - General - inside [461275526716194818].txt	25103	sticker_core	So for example a 3x3 image of a checkerboard pattern would be this:	 | [5/6/2019 12:53 PM] Deleted User | So for example a 3x3 image of a checkerboard pattern would be this:
Playdead Unofficial - General - inside [461275526716194818].txt	31145	registration_geometry	"""Primarily, it's a debate about exactly what job Jensen was resigning from. Jensen claims this letter referred only to his position as creative director, with his intention being that he remain an executive of Playdead, but Patti says that distinction wasn't clear from the letter and he believed that the resignation was total. Acting on that, he removed Jensen from the company CVR register, which records various aspects of a company's personnel and financial information for the Danish government. """	" | [6/11/2019 7:56 PM] Deleted User | ""Primarily, it's a debate about exactly what job Jensen was resigning from. Jensen claims this letter referred only to his position as creative director, with his intention being that he remain an executive of Playdead, but Patti says that distinction wasn't clear from the letter and he believed that the resignation was total. Acting on that, he removed Jensen from the company CVR register, which records various aspects of a company's personnel and financial information for the Danish government. """
Playdead Unofficial - General - inside [461275526716194818].txt	47674	registration_geometry,physical_material	The extent of his consciousness compared to the other people comprising the Huddle’s body may well be marginal if he is still alive at some capacity.	 | [2/8/2020 3:03 PM] goofyg | The extent of his consciousness compared to the other people comprising the Huddle’s body may well be marginal if he is still alive at some capacity.
Playdead Unofficial - General - inside [461275526716194818].txt	75985	registration_geometry,period_prediction	@Raezores thanks for the video! I’ve probably seen that but never registered it. So cool	 | [6/23/2020 12:52 PM] Deleted User | @Raezores thanks for the video! I’ve probably seen that but never registered it. So cool
Playdead Unofficial - General - inside [461275526716194818].txt	113971	registration_geometry	But I guess the game has a small error margin or something	 | [2/27/2021 4:09 PM] raezores | But I guess the game has a small error margin or something
Playdead Unofficial - General - inside [461275526716194818].txt	119419	registration_geometry	This video is sponsored by Buyee! New users can get ¥2,000 off their first purchase by registering a new account with this link: http://bit.ly/39XZCL5	The 10-Year Hunt for the Lost McDonald's DS Game | ❗ Want to help add subtitles in your language? ❗ Click here: https://amara.org/en/videos/y67uJBCwaJwS/info/the-10-year-hunt-for-the-lost-mcdonalds-ds-game/ | This video is sponsored by Buyee! New users can get ¥2,000 off their first purchase by registering a new account with this link: http://bit.ly/39XZCL5
Playdead Unofficial - General - inside [461275526716194818].txt	123009	registration_geometry	it's kinda funny to look back, how nobody thought to rearrange the strings to form a picture	 | [4/4/2021 1:17 PM] gs_base | it's kinda funny to look back, how nobody thought to rearrange the strings to form a picture
Playdead Unofficial - General - inside [461275526716194818].txt	152131	registration_geometry	? Two people with the same name that registered today just to join here	 | [11/7/2022 1:29 PM] justoniothesnake | ? Two people with the same name that registered today just to join here
Playdead Unofficial - General - inside [461275526716194818].txt	158040	registration_geometry,physical_material	the technology is being used to *draw* him to the huddle, but still gives him enough agency to register his surroundings and act accordingly	 | [5/2/2023 8:47 PM] darthzz | the technology is being used to *draw* him to the huddle, but still gives him enough agency to register his surroundings and act accordingly
Playdead Unofficial - General - inside [461275526716194818].txt	176943	registration_geometry,period_prediction	Probably thrown away then 🙁 you know if we already registered him yet or not?	 | [8/13/2025 11:43 AM] raezores | Probably thrown away then 🙁 you know if we already registered him yet or not?
Playdead Unofficial - General - inside [461275526716194818].txt	176953	registration_geometry	Registered	 | [8/13/2025 12:22 PM] roger_peterson | Registered
Playdead Unofficial - General - inside [461275526716194818].txt	176969	registration_geometry	We can register it via you then :p	 | [8/13/2025 2:23 PM] raezores | We can register it via you then :p
Playdead Unofficial - General - inside [461275526716194818].txt	184876	registration_geometry,period_prediction	I reckon it's probably just coincidental. I mean those are all pretty common letters, the rest of the letters don't line up and need to be rearranged which brings into question why the first letters would be in order, and also picking the last letter of the achievement feels rather arbitrary in the first place, like if they wanted to hide a subtle anagram wouldn't they make it the first letter or something?	 | [12/25/2025 12:51 AM] aperson1 | I reckon it's probably just coincidental. I mean those are all pretty common letters, the rest of the letters don't line up and need to be rearranged which brings into question why the first letters would be in order, and also picking the last letter of the achievement feels rather arbitrary in the first place, like if they wanted to hide a subtle anagram wouldn't they make it the first letter or something?
