serial	file	line	groups	text	context
59	Playdead Unofficial - ARG - tldr [462637922944811028].txt	527	physical_material	https://images-ext-1.discordapp.net/external/HzxAzdQLoxFEuY0N5w7xkbYc9kDNEuVsWhIkhPgj6KM/https/lh6.googleusercontent.com/6DeYqA4kDu94PkpeRtwA9Mko597mpjlp7gcQtTsGfU8BJc7dwMepq_szxit8YjgsxsFPdw%3Dw1200-h630-p	"Inside Collector's Edition Numbers | CODE	PLAT	NAME /059	DC	Transplantkid#6004 •095	DC	Zet#7106 /221	YT	https://www.youtube.com/watch?v=Mhxynz-LoAI /245	DC	EthanAndrew#2662    UNKNOWN CODES								CONTACT STATUS DC User: Its Electric Shock!#7779						Awaiting Reply https://www.youtube.com/watch?v=gqlQaHgRaHg +... | https://images-ext-1.discordapp.net/external/HzxAzdQLoxFEuY0N5w7xkbYc9kDNEuVsWhIkhPgj6KM/https/lh6.googleusercontent.com/6DeYqA4kDu94PkpeRtwA9Mko597mpjlp7gcQtTsGfU8BJc7dwMepq_szxit8YjgsxsFPdw%3Dw1200-h630-p"
92	Playdead Unofficial - ARG - solving [461275582970462209].txt	213445	sticker_core,symbols_codes	So I'm not the best at this, but why are all the dots so far towards the end, and close together? Because when looking at the sticker list, they are more spread apart, and the first one shows up at sticker number 092, which I guess is closer towards the start than the end in the stickers	 | [10/13/2023 5:12 PM] raezores | So I'm not the best at this, but why are all the dots so far towards the end, and close together? Because when looking at the sticker list, they are more spread apart, and the first one shows up at sticker number 092, which I guess is closer towards the start than the end in the stickers
95	Playdead Unofficial - ARG - tldr [462637922944811028].txt	527	physical_material	https://images-ext-1.discordapp.net/external/HzxAzdQLoxFEuY0N5w7xkbYc9kDNEuVsWhIkhPgj6KM/https/lh6.googleusercontent.com/6DeYqA4kDu94PkpeRtwA9Mko597mpjlp7gcQtTsGfU8BJc7dwMepq_szxit8YjgsxsFPdw%3Dw1200-h630-p	"Inside Collector's Edition Numbers | CODE	PLAT	NAME /059	DC	Transplantkid#6004 •095	DC	Zet#7106 /221	YT	https://www.youtube.com/watch?v=Mhxynz-LoAI /245	DC	EthanAndrew#2662    UNKNOWN CODES								CONTACT STATUS DC User: Its Electric Shock!#7779						Awaiting Reply https://www.youtube.com/watch?v=gqlQaHgRaHg +... | https://images-ext-1.discordapp.net/external/HzxAzdQLoxFEuY0N5w7xkbYc9kDNEuVsWhIkhPgj6KM/https/lh6.googleusercontent.com/6DeYqA4kDu94PkpeRtwA9Mko597mpjlp7gcQtTsGfU8BJc7dwMepq_szxit8YjgsxsFPdw%3Dw1200-h630-p"
100	Playdead Unofficial - ARG - solving [461275582970462209].txt	204755	sticker_core	I realize this looks bad on phone, but good on pc. But anyways 0 as in 000, 1 as in sticker 100-199 etc	 | [1/29/2022 2:17 PM] raezores | I realize this looks bad on phone, but good on pc. But anyways 0 as in 000, 1 as in sticker 100-199 etc
100	Playdead Unofficial - ARG - solving [461275582970462209].txt	216077	sticker_core	about 61 / 100 stickers now	 | [10/14/2025 12:51 PM] lime8159 | about 61 / 100 stickers now
118	Playdead Unofficial - ARG - solving [461275582970462209].txt	193982	sticker_core	sticker 118	 | [11/10/2020 9:55 AM] ghaith2025 | sticker 118
132	Playdead Unofficial - ARG - solving [461275582970462209].txt	198375	sticker_core,period_prediction	I'm just wondering, but couldn't they though? 🤔 I'd imagine Playdead and iam8bit worked on the stickers of the collector's edition together, and they would on beforehand already set-up a prepared list. What I mean is, I use this format to check what letter for example sticker 132 is. We found out it reapeats in a cycle of 9, so we could just try from the start to check where 132 belongs where A is 001, B = 002, = C =003, D = 004, E = 005, F = 006 ?	 | [3/22/2021 1:17 PM] raezores | I'm just wondering, but couldn't they though? 🤔 I'd imagine Playdead and iam8bit worked on the stickers of the collector's edition together, and they would on beforehand already set-up a prepared list. What I mean is, I use this format to check what letter for example sticker 132 is. We found out it reapeats in a cycle of 9, so we could just try from the start to check where 132 belongs where A is 001, B = 002, = C =003, D = 004, E = 005, F = 006 ?
132	Playdead Unofficial - ARG - solving [461275582970462209].txt	198377	sticker_core	"So starting from A, we won't get 132, same with B, same with C, D and E, but then we get to F and find that aha, F when it starts with 6 (also since it's sixth letter of alphabet), it matches 132 when multiplied with a number. In this case with 22. So with that, couldn't Playdead already have that formula and just wait for buyers? Then when iam8bit gets orders, they can see which number of edition the customer gets, because you get them in the same number as the purchaser? I mean if you're buyer 132, you get sticker 132, and they would easily know since it's easy to keep track of? Or Playdead could just be like connected with iam8bit and have like a notification setting saying okay edition number 132 sold, and this ""xx"" guy was the person who got that one."	"I'm just wondering, but couldn't they though? 🤔 I'd imagine Playdead and iam8bit worked on the stickers of the collector's edition together, and they would on beforehand already set-up a prepared list. What I mean is, I use this format to check what letter for example sticker 132 is. We found out it reapeats in a cycle of 9, so we could just try from the start to check where 132 belongs where A is 001, B = 002, = C =003, D = 004, E = 005, F = 006 ? |  | So starting from A, we won't get 132, same with B, same with C, D and E, but then we get to F and find that aha, F when it starts with 6 (also since it's sixth letter of alphabet), it matches 132 when multiplied with a number. In this case with 22. So with that, couldn't Playdead already have that formula and just wait for buyers? Then when iam8bit gets orders, they can see which number of edition the customer gets, because you get them in the same number as the purchaser? I mean if you're buyer 132, you get sticker 132, and they would easily know since it's easy to keep track of? Or Playdead could just be like connected with iam8bit and have like a notification setting saying okay edition number 132 sold, and this ""xx"" guy was the person who got that one."
144	Playdead Unofficial - ARG - solving [461275582970462209].txt	191029	sticker_core	Another update, the guy I thought might have sticker number 001, I found out he preordered within 10 minutes and has sticker 144	 | [7/12/2020 4:58 PM] raezores | Another update, the guy I thought might have sticker number 001, I found out he preordered within 10 minutes and has sticker 144
154	Playdead Unofficial - ARG - solving-breakout [463106924708233216].txt	11747	sticker_core	Each block still contains 9 groups of 9. This is where something like sticker 154 / A becomes interesting, using mine as example.	Block 1 = 001–081. Block 2 = 082–162. Block 3 = 163–243 etc. |  | Each block still contains 9 groups of 9. This is where something like sticker 154 / A becomes interesting, using mine as example.
154	Playdead Unofficial - ARG - solving-breakout [463106924708233216].txt	11779	sticker_core	I’m not saying sticker 154 means “row 2, column 9, put a 1 there”. No proof of that. The interesting part is just that the sticker numbering naturally gives you three separate values between 1 and 9, without doing any weird math to force it.	row 2 / column 9 / number 1 |  | I’m not saying sticker 154 means “row 2, column 9, put a 1 there”. No proof of that. The interesting part is just that the sticker numbering naturally gives you three separate values between 1 and 9, without doing any weird math to force it.
171	Playdead Unofficial - ARG - solving [461275582970462209].txt	204527	sticker_core,period_prediction	Yeah that too probably, but we also have found sticker 171	 | [1/25/2022 8:21 PM] raezores | Yeah that too probably, but we also have found sticker 171
178	Playdead Unofficial - ARG - solving [461275582970462209].txt	204715	sticker_core	I have an update on the Ebay INSIDE Collector's Edition from roma_kreu (sticker 178). The seller replied to me, and has another collector's edition, number 179. He gave me good quality pictures of both of them :limbro_drink: :dancing_inboy: :limbro_drinktoo:	 | [1/29/2022 1:04 PM] raezores | I have an update on the Ebay INSIDE Collector's Edition from roma_kreu (sticker 178). The seller replied to me, and has another collector's edition, number 179. He gave me good quality pictures of both of them :limbro_drink: :dancing_inboy: :limbro_drinktoo:
206	Playdead Unofficial - General - inside [461275526716194818].txt	124273	sticker_core	That’s really cool, Triplizard is the guy with sticker 206 I think, I remember talking with him las year, + he joined the server too! 😄 Glad to see someone still giving it attention!	 | [4/7/2021 1:13 AM] raezores | That’s really cool, Triplizard is the guy with sticker 206 I think, I remember talking with him las year, + he joined the server too! 😄 Glad to see someone still giving it attention!
221	Playdead Unofficial - ARG - tldr [462637922944811028].txt	527	physical_material	https://images-ext-1.discordapp.net/external/HzxAzdQLoxFEuY0N5w7xkbYc9kDNEuVsWhIkhPgj6KM/https/lh6.googleusercontent.com/6DeYqA4kDu94PkpeRtwA9Mko597mpjlp7gcQtTsGfU8BJc7dwMepq_szxit8YjgsxsFPdw%3Dw1200-h630-p	"Inside Collector's Edition Numbers | CODE	PLAT	NAME /059	DC	Transplantkid#6004 •095	DC	Zet#7106 /221	YT	https://www.youtube.com/watch?v=Mhxynz-LoAI /245	DC	EthanAndrew#2662    UNKNOWN CODES								CONTACT STATUS DC User: Its Electric Shock!#7779						Awaiting Reply https://www.youtube.com/watch?v=gqlQaHgRaHg +... | https://images-ext-1.discordapp.net/external/HzxAzdQLoxFEuY0N5w7xkbYc9kDNEuVsWhIkhPgj6KM/https/lh6.googleusercontent.com/6DeYqA4kDu94PkpeRtwA9Mko597mpjlp7gcQtTsGfU8BJc7dwMepq_szxit8YjgsxsFPdw%3Dw1200-h630-p"
223	Playdead Unofficial - ARG - solving [461275582970462209].txt	216040	sticker_core	Sticker 223 ( / )	 | [10/14/2025 11:40 AM] raezores | Sticker 223 ( / )
245	Playdead Unofficial - ARG - tldr [462637922944811028].txt	527	physical_material	https://images-ext-1.discordapp.net/external/HzxAzdQLoxFEuY0N5w7xkbYc9kDNEuVsWhIkhPgj6KM/https/lh6.googleusercontent.com/6DeYqA4kDu94PkpeRtwA9Mko597mpjlp7gcQtTsGfU8BJc7dwMepq_szxit8YjgsxsFPdw%3Dw1200-h630-p	"Inside Collector's Edition Numbers | CODE	PLAT	NAME /059	DC	Transplantkid#6004 •095	DC	Zet#7106 /221	YT	https://www.youtube.com/watch?v=Mhxynz-LoAI /245	DC	EthanAndrew#2662    UNKNOWN CODES								CONTACT STATUS DC User: Its Electric Shock!#7779						Awaiting Reply https://www.youtube.com/watch?v=gqlQaHgRaHg +... | https://images-ext-1.discordapp.net/external/HzxAzdQLoxFEuY0N5w7xkbYc9kDNEuVsWhIkhPgj6KM/https/lh6.googleusercontent.com/6DeYqA4kDu94PkpeRtwA9Mko597mpjlp7gcQtTsGfU8BJc7dwMepq_szxit8YjgsxsFPdw%3Dw1200-h630-p"
282	Playdead Unofficial - General - inside [461275526716194818].txt	138843	sticker_core	A new auction on Ebay for INSIDE Collector's Edition for sale now from rockymountainknight. Starting bid 125$ USD, 6 days and 4 hours left. The collector's edition is barely opened, but resealed, basically the same as new almost. Sticker was verified 04.07.2020 as /282, image: C, because it was posted on Ebay from the same seller back in 27.06.2020 in an earlier attempt where he tried selling it without results it seems. Anyways, if anyone is interested, here's the link: https://www.ebay.com/itm/294530200626	 | [11/8/2021 5:40 PM] raezores | A new auction on Ebay for INSIDE Collector's Edition for sale now from rockymountainknight. Starting bid 125$ USD, 6 days and 4 hours left. The collector's edition is barely opened, but resealed, basically the same as new almost. Sticker was verified 04.07.2020 as /282, image: C, because it was posted on Ebay from the same seller back in 27.06.2020 in an earlier attempt where he tried selling it without results it seems. Anyways, if anyone is interested, here's the link: https://www.ebay.com/itm/294530200626
312	Playdead Unofficial - ARG - solving [461275582970462209].txt	222076	sticker_core	**Update 2:** is sticker 312, will update additional context info.	[9/14/2026 6:14 AM] raezores | **Update:** ~~confirmed by original owner that it is lost/not possible to retrieve the status from current owner.~~ | **Update 2:** is sticker 312, will update additional context info.
312	Playdead Unofficial - ARG - solving [461275582970462209].txt	222077	physical_material	New lead via Reddit. Contacted: https://www.reddit.com/r/LimitedPrintGames/s/VcZ6Hd6uQx	**Update:** ~~confirmed by original owner that it is lost/not possible to retrieve the status from current owner.~~ | **Update 2:** is sticker 312, will update additional context info. | New lead via Reddit. Contacted: https://www.reddit.com/r/LimitedPrintGames/s/VcZ6Hd6uQx
333	Playdead Unofficial - ARG - solving [461275582970462209].txt	203863	sticker_core	New sticker, number /333 via Ebay, https://www.ebay.com/itm/154592369029?mkevt=1&mkpid=0&emsid=e11051.m43.l1123&mkcid=7&ch=osgood&euid=4caa8d8d54374d78bbb49dd649f6b69c&bu=44449355785&osub=-1%7E1&crd=20210901083321&segname=11051&sojTags=ch%3Dch%2Cbu%3Dbu%2Cosub%3Dosub%2Ccrd%3Dcrd%2Csegname%3Dsegname%2Cchnl%3Dmkcid	 | [9/1/2021 2:25 PM] raezores | New sticker, number /333 via Ebay, https://www.ebay.com/itm/154592369029?mkevt=1&mkpid=0&emsid=e11051.m43.l1123&mkcid=7&ch=osgood&euid=4caa8d8d54374d78bbb49dd649f6b69c&bu=44449355785&osub=-1%7E1&crd=20210901083321&segname=11051&sojTags=ch%3Dch%2Cbu%3Dbu%2Cosub%3Dosub%2Ccrd%3Dcrd%2Csegname%3Dsegname%2Cchnl%3Dmkcid
338	Playdead Unofficial - ARG - solving [461275582970462209].txt	221728	sticker_core	Yo @jux just gotta confirm this although I’m already 99% sure, but since I don’t have it in my documentation information within your sticker -338, can you confirm this is you? So I can add it to the documentation☺️ (edited and confirmed)	 | [8/18/2026 1:59 PM] raezores | Yo @jux just gotta confirm this although I’m already 99% sure, but since I don’t have it in my documentation information within your sticker -338, can you confirm this is you? So I can add it to the documentation☺️ (edited and confirmed)
366	Playdead Unofficial - ARG - solving [461275582970462209].txt	182957	sticker_core	Here he is, @Nash, he is the owner of sticker / 366 CE	 | [6/18/2020 5:21 PM] raezores | Here he is, @Nash, he is the owner of sticker / 366 CE
393	Playdead Unofficial - ARG - solving [461275582970462209].txt	214361	sticker_core	Updated the github with the new sticker 393, and U22 (the Japanese manga artist) became a new lost sticker L38.	 | [1/20/2024 11:45 PM] darkmatter_11 | Updated the github with the new sticker 393, and U22 (the Japanese manga artist) became a new lost sticker L38.
402	Playdead Unofficial - ARG - solving [461275582970462209].txt	203228	sticker_core	Sticker #402, Image F.	https://github.com/twinysam/INSIDE-ARG/pull/10 | Added a new sticker: #402 by otanim · Pull Request #10 · twinysam/I... | Sticker #402, Image F.
402	Playdead Unofficial - ARG - solving [461275582970462209].txt	203229	symbols_codes	https://images-ext-1.discordapp.net/external/s6_7sQuR0MiTTRkkx5H0CZRCksYmOpqqRyzF1jwAew0/https/opengraph.githubassets.com/7563406d7314b2b7a9e18d8202a5a3ac0aa7ca7a2c3b10c99525ccbd58d407cf/twinysam/INSIDE-ARG/pull/10	Added a new sticker: #402 by otanim · Pull Request #10 · twinysam/I... | Sticker #402, Image F. | https://images-ext-1.discordapp.net/external/s6_7sQuR0MiTTRkkx5H0CZRCksYmOpqqRyzF1jwAew0/https/opengraph.githubassets.com/7563406d7314b2b7a9e18d8202a5a3ac0aa7ca7a2c3b10c99525ccbd58d407cf/twinysam/INSIDE-ARG/pull/10
445	Playdead Unofficial - ARG - solving [461275582970462209].txt	216887	sticker_core	sticker 445 /	 | [3/9/2026 9:29 AM] raezores | sticker 445 /
597	Playdead Unofficial - ARG - solving [461275582970462209].txt	220881	sticker_core	Judging by the fact that we have sticker 597 and mod 108, there should be 648 collections	 | [5/12/2026 12:30 AM] kappa_neuro | Judging by the fact that we have sticker 597 and mod 108, there should be 648 collections
